BusinessPriceResponse,BusinessPriceLocalBusiness
business price,
business price,
business price,
business price,
business price,
does first have bad prices,first
does it have a good price,
does it have a good price,
does it have a good price,
does it have a good price,
does it have a good price,
does it have a good price,
does it have a good price,
does it have a good price,
does it have a good price,
does it have a good price,
does it have a good price,
does it have a good price,
does it have a good price,
does it have a good price,
does it have a good price,
does it have bad prices,
does it have bad prices,
does it have bad prices,
does it have bad prices,
does it have bad prices,
does it have bad prices,
does it have bad prices,
does it have bad prices,
does it have bad prices,
does last have bad prices,last
does second one have bad prices,second one
does second one have bad prices,second one
does seventh have bad prices,seventh
does seventh have bad prices,seventh
does seventh have bad prices,seventh
does seventh one have bad prices,seventh one
does that one have bad prices,that one
does that one have bad prices,that one
does that one have bad prices,that one
does that one have bad prices,that one
does that place have bad prices,that place
does the its have good prices,its
does the last have bad prices,the last
does the last have good prices,last
does the ninth have bad prices,the ninth
does the ninth have bad prices,the ninth
does the seventh have bad prices,the seventh
does the seventh one have good prices,seventh one
does the tenth have bad prices,the tenth
does the the fourth have good prices,the fourth
does the the second have good prices,the second
does the there have good prices,there
does the venue have bad prices,the venue
does third have bad prices,third
give me the business price of the first one,first one
give me the business price of the last one,last one
give me the business price of the last one,last one
give me the business price of the seventh one,seventh one
give me the business price of the their,their
give me the business price of the third,third
give me the price of second one,second one
give me the price of that place,that place
give me the price of that place,that place
give me the price of the eighth,eighth
give me the price of the fifth,the fifth
give me the price of the fifth one,fifth one
give me the price of the first,the first
give me the price of the first one,first one
give me the price of the fourth one,fourth one
give me the price of the sixth,the sixth
give me the price of the the seventh,the seventh
give me the price of the the sixth,the sixth
give me the price of the third one,third one
give me the price of the third one,third one
give me the price of the this,this
give me the price of third one,third one
give me the price range of fifth one,fifth one
give me the price range of fourth one,fourth one
give me the price range of last,last
give me the price range of seventh one,seventh one
give me the price range of that place,that place
give me the price range of that place,that place
give me the price range of that place,that place
give me the price range of that place,that place
give me the price range of that place,that place
give me the price range of that place,that place
give me the price range of the fifth,the fifth
give me the price range of the first,the first
give me the price range of the fourth,the fourth
give me the price range of third one,third one
give me the price range of this,this
give the prices,
give the prices,
give the prices,
give the prices,
give the prices,
give the prices,
give the prices,
give the prices,
give the prices,
give the prices,
give the prices,
give the prices,
how are the prices,
how are the prices,
how are the prices,
how are the prices,
how are the prices,
how are the prices,
how are the prices,
how are the prices,
how are the prices,
how are the prices,
how are the prices,
price,
price,
price,
price,
price,
price,
price,
price,
price,
price,
price,
price,
price,
price,
price,
price,
price range,
price range,
price range,
price range,
price range,
price range,
price range,
price range,
price range,
price range,
price range,
prices,
prices,
prices,
prices,
prices,
prices,
prices,
prices,
prices,
prices,
prices,
prices,
prices,
prices,
prices,
prices,
prices,
prices,
range of prices,
range of prices,
range of prices,
range of prices,
range of prices,
range of prices,
range of prices,
range of prices,
range of prices,
range of prices,
range of prices,
range of prices,
range of prices,
show its prices,
show its prices,
show its prices,
show its prices,
show its prices,
show its prices,
show its prices,
show its prices,
show its prices,
show its prices,
show its prices,
show its prices,
show me the business price of the first,first
show me the business price of the it,it
show me the business price of the last one,last one
show me the business price of the last one,last one
show me the business price of the last one,last one
show me the business price of the last one,last one
show me the business price of the last one,last one
show me the business price of the ninth one,ninth one
show me the business price of the second,second
show me the business price of the second one,second one
show me the business price of the seventh one,seventh one
show me the business price of the sixth one,sixth one
show me the business price of the that place,that place
show me the business price of the that place,that place
show me the business price of the the tenth,the tenth
show me the business price of the the third,the third
show me the business price of the there,there
show me the business price of the this,this
show me the business price of the this venue,this venue
show me the price of the fifth one,fifth one
show me the price of the ninth,ninth
show me the price of the sixth one,sixth one
show me the price of the that venue,that venue
show me the price of the the place,the place
show me the price of the the tenth,the tenth
show me the price of the there,there
show me the price of the third one,third one
show me the price of the third one,third one
show me the price of the third one,third one
show me the price of the third one,third one
show me the price of the third one,third one
show me the price range of fifth one,fifth one
show me the price range of first one,first one
show me the price range of that,that
show me the price range of that place,that place
show me the price range of the first,the first
show me the price range of the place,the place
show me the price range of this,this
show the prices,
show the prices,
show the prices,
show the prices,
show the prices,
show the prices,
show the prices,
show the prices,
show the prices,
show the prices,
show the prices,
show the prices,
show the prices,
tell me a price range of the eighth one,eighth one
tell me a price range of the first,first
tell me a price range of the fourth one,fourth one
tell me a price range of the last,last
tell me a price range of the ninth one,ninth one
tell me a price range of the second,second
tell me a price range of the second,second
tell me a price range of the seventh,seventh
tell me a price range of the seventh one,seventh one
tell me a price range of the seventh one,seventh one
tell me a price range of the the fourth,the fourth
tell me a price range of the the place,the place
tell me a price range of the the sixth,the sixth
tell me a price range of the third one,third one
tell me its best price,
tell me its best price,
tell me its best price,
tell me its best price,
tell me its best price,
tell me its best price,
tell me its best price,
tell me its best price,
tell me its best price,
tell me its best price,
tell me its best price,
tell me its best price,
tell me its best price,
tell me its best price,
tell me its best price,
tell me its best price,
tell me seventh price,seventh
tell me sixth price,sixth
tell me tenth price,tenth
tell me that venue price,that venue
tell me the business price of its,its
tell me the business price of second,second
tell me the business price of second one,second one
tell me the business price of that place,that place
tell me the business price of that place,that place
tell me the business price of that place,that place
tell me the business price of that place,that place
tell me the business price of the second,the second
tell me the business price of the seventh,the seventh
tell me the business price of the venue,the venue
tell me the business price of third,third
tell me the business price of third one,third one
tell me the eighth price,the eighth
tell me the first price,the first
tell me the first price,the first
tell me the price range,
tell me the price range,
tell me the price range,
tell me the price range,
tell me the price range,
tell me the price range,
tell me the price range,
tell me the price range,
tell me the price range,
tell me the price range,
tell me the price range,
tell me the price range of first,first
tell me the price range of it,it
tell me the price range of last one,last one
tell me the price range of ninth one,ninth one
tell me the price range of tenth,tenth
tell me the price range of that place,that place
tell me the price range of that place,that place
tell me the price range of the sixth,the sixth
tell me the price range of the venue,the venue
tell me the price range of this place,this place
tell me the price range of this venue,this venue
tell me the prices of fifth one,fifth one
tell me the prices of second,second
tell me the prices of seventh,seventh
tell me the prices of that,that
tell me the prices of that place,that place
tell me the prices of that place,that place
tell me the prices of the fifth,the fifth
tell me the prices of the fifth one,fifth one
tell me the prices of the first,the first
tell me the prices of the first,first
tell me the prices of the fourth one,fourth one
tell me the prices of the seventh,seventh
tell me the prices of the seventh,seventh
tell me the prices of the the place,the place
tell me the prices of the the second,the second
tell me the prices of the third one,third one
tell me the prices of the third one,third one
tell me the prices of the third one,third one
tell me the prices of the third one,third one
tell me the prices of the this,this
tell me the prices of the this,this
tell me the prices of the this venue,this venue
tell me the prices of this venue,this venue
tell me the seventh price,the seventh
tell me their price,their
tell me their price,their
tell me their price,their
what are eighth one business prices,eighth one
what are eighth prices,eighth
what are fifth one price range,fifth one
what are fifth price range,fifth
what are fourth one prices,fourth one
what are its prices,its
what are seventh one price range,seventh one
what are seventh one prices,seventh one
what are seventh price range,seventh
what are sixth one business prices,sixth one
what are tenth one business prices,tenth one
what are that venue business prices,that venue
what are that venue prices,that venue
what are the business prices,
what are the business prices,
what are the business prices,
what are the business prices,
what are the business prices,
what are the business prices,
what are the business prices,
what are the business prices,
what are the business prices,
what are the business prices,
what are the business prices,
what are the business prices,
what are the business prices of eighth,eighth
what are the business prices of fourth,fourth
what are the business prices of its,its
what are the business prices of last,last
what are the business prices of ninth,ninth
what are the business prices of sixth one,sixth one
what are the business prices of tenth one,tenth one
what are the business prices of that place,that place
what are the business prices of that place,that place
what are the business prices of the eighth one,eighth one
what are the business prices of the first one,first one
what are the business prices of the fourth,the fourth
what are the business prices of the ninth,ninth
what are the business prices of the second one,second one
what are the business prices of the second one,second one
what are the business prices of the seventh,the seventh
what are the business prices of the tenth,tenth
what are the business prices of the tenth one,tenth one
what are the business prices of the the last,the last
what are the business prices of the the last,the last
what are the business prices of the the last,the last
what are the business prices of the the third,the third
what are the business prices of the the venue,the venue
what are the business prices of this venue,this venue
what are the eighth price range,the eighth
what are the eighth price range,the eighth
what are the first business prices,the first
what are the ninth business prices,the ninth
what are the prices,
what are the prices,
what are the prices,
what are the prices,
what are the prices,
what are the prices,
what are the prices,
what are the prices,
what are the prices,
what are the prices,
what are the prices,
what are the prices,
what are the prices,
what are the prices,
what are the prices,
what are the third business prices,the third
what are the third business prices,the third
what are their price range,their
what are their price range,their
what are their price range,their
what are their prices,their
what are their prices,their
what are there business prices,there
what are third one business prices,third one
what are third prices,third
what are this business prices,this
what is fifth local price,fifth
what is first one local price,first one
what is it local price,it
what is last price range,last
what is last price range,last
what is ninth one price range,ninth one
what is seventh one local price,seventh one
what is seventh one price range,seventh one
what is tenth price range,tenth
what is tenth price range,tenth
what is that local price,that
what is the price of tenth one,tenth one
what is the price of that venue,that venue
what is the price of the fourth,the fourth
what is the price of there,there
what is the price of this venue,this venue
what is the price of this venue,this venue
what is the price range of the eighth one,eighth one
what is the price range of the first,first
what is the price range of the first one,first one
what is the price range of the first one,first one
what is the price range of the fourth one,fourth one
what is the price range of the it,it
what is the price range of the last,last
what is the price range of the second one,second one
what is the price range of the tenth one,tenth one
what is the price range of the that place,that place
what is the price range of the the fourth,the fourth
what is the price range of the the fourth,the fourth
what is the price range of the the fourth,the fourth
what is the price range of the the place,the place
what is the price range of the the seventh,the seventh
what is the seventh price range,the seventh
what is the third price range,the third
what is their local price,their
what is their local price,their
what is their local price,their
what is their local price,their
what is their local price,their
what is their price range,their
what is their price range,their
what is their price range,their
what is their price range,their
what is their price range,their
what is their price range,their
what is their price range,their
what is their price range,their
what is there local price,there
what is there price range,there
what is this local price,this
what s the price,
what s the price,
what s the price,
what s the price,
what s the price,
what s the price,
what s the price,
what s the price,
what s the price,
what s the price,
whats the prices of the fifth one,fifth one
whats the prices of the fifth one,fifth one
whats the prices of the fifth one,fifth one
whats the prices of the its,its
whats the prices of the last one,last one
whats the prices of the second,second
whats the prices of the seventh one,seventh one
whats the prices of the that venue,that venue
whats the prices of the the ninth,the ninth
whats the prices of the the seventh,the seventh
whats the prices of the the sixth,the sixth
which prices are listed,
which prices are listed,
which prices are listed,
which prices are listed,
which prices are listed,
which prices are listed,
which prices are listed,
which prices are listed,
which prices are listed,
which prices are listed,
which prices are listed,
which prices are listed,
which prices are listed,
which prices are listed,
which prices are listed,
which prices are listed,
