BusinessHoursResponse,BusinessHoursLocalBusiness
what are the business hours,
what's the hours,
what is their hours,their
what are the hours,
what are their hours,their
what is the hours of that place,that place
what are their business hours,their
what are the business hours of that place,that place
what is the hours of the first one,first one
What are the business hours of the second one,second one
whats the hours of the fifth one,fifth one
Tell me the hours of that place,that place
Tell me the business hours of that place,that place
Tell me the hours of that place,that place
Tell me the hours of the third one,third one
Tell me their open hours,their
Tell me their hours,their
Tell me a hours of the fourth one,fourth one
what hours are they open,they
which hours are they open,they
what hours can I reach them at,them
which hours can I reach them at,them
what is their local hours,their
what business hours can I contact them at,them
which business hours can I use to contact the second one,second one
what is their contact hours,their
what are the best hours to call,
when is the best time to contact the third one,third one
when is the best time to reach this one,this one
what is the best business hours of that one,that one
which hours are listed,
what are their hours,their
open hours for this one,this one
hours,
business hours,
contact hours,
Give me the hours of that place,that place
Give me the business hours of the last one,last one
Give me the hours of that place,that place
Give me the hours of the third one,third one
Give me their open hours,their
Give me their opening time,their
Give me the contact hours for them,them
Tell me the contact hours for that one,that one
Show me the hours of that place,that place
Show me the business hours of the last one,last one
Show me the hours of that place,that place
Show me the hours of the third one,third one
Show me their opening times,their
Show me their closing time,their
Show me the contact hours for them,them
when are they open,they
what time are they open,they
when do they open,they
when do they close,they
what time do they close,they
when are they closed,they
opening times,
closing times,
