calendarCheckEvent,calendarDate,calendarTime
April fifth 12 30 am do i have free time,April fifth,12 30 am
April first do i have any free time,April first,
April second 10 55 do i have free,April second,10 55
April third do i have free time,April third,
August fifteenth am i free,August fifteenth,
August twenty first 11 15 pm do i have that free,August twenty first,11 15 pm
December fifteenth 4 8 p.m do i have free time,December fifteenth,4 8 p.m
December first 12 15 do i have free time,December first,12 15
December fourth do i have free time,December fourth,
February first do i have free time,February first,
February fourth 3 15 do i have free time,February fourth,3 15
February twenty first do i have any free time,February twenty first,
January third do i have free,January third,
January twentieth do i have free,January twentieth,
July twenty first am i free,July twenty first,
March fifteenth do i have any free time,March fifteenth,
May twenty sixth 12 51 a.m do i have free time,May twenty sixth,12 51 a.m
November first do i have any free time,November first,
October fifteenth 9 30 do i have free,October fifteenth,9 30
October twenty sixth do i have any free time,October twenty sixth,
October twenty sixth do i have that day free,October twenty sixth,
September fifth do i have free time,September fifth,
September fourth am i free,September fourth,
September second 2 55 am i free,September second,2 55
am i available October fifth,October fifth,
am i available fourth July,fourth July,
am i available second September for 5 15,second September,5 15
am i available twentieth April for 6 54,twentieth April,6 54
am i free July twenty first,July twenty first,
am i free November first 8 45,November first,8 45
am i free at 1 51 p.m on fifth November,fifth November,1 51 p.m
am i free at 10 16 on December first,December first,10 16
am i free at 10 45 on February twenty sixth,February twenty sixth,10 45
am i free at 11 15 twentieth December,twentieth December,11 15
am i free at 12 17 July twentieth,July twentieth,12 17
am i free at 12 on fifth June,fifth June,12
am i free at 3 30 on June second for 1hr,June second,3 30
am i free at 3 30 on twenty first November for 1hr,twenty first November,3 30
am i free at 3 45 on September fifth,September fifth,3 45
am i free at 4 3 on first July,first July,4 3
am i free at 4 on third January for 1hr,third January,4
am i free at 5 15 August twenty sixth,August twenty sixth,5 15
am i free at 5 15 on fifth October for 1hr,fifth October,5 15
am i free at 6 30 on fifteenth June,fifteenth June,6 30
am i free at 7 30 on July first,July first,7 30
am i free at 7 45 February third,February third,7 45
am i free at 7 45 on December fifteenth for 1hr,December fifteenth,7 45
am i free at 8 15 p.m on second May,second May,8 15 p.m
am i free at 8 28 on second September,second September,8 28
am i free at 8 36 on November third for 1hr,November third,8 36
am i free at 8 on fourth March,fourth March,8
am i free at 9 43 on third July,third July,9 43
am i free fifteenth December,fifteenth December,
am i free fifteenth May,fifteenth May,
am i free fifteenth October,fifteenth October,
am i free first February 8 0 am,first February,8 0 am
am i free for 11 15 December twenty first,December twenty first,11 15
am i free for 12 11 a.m on third June,third June,12 11 a.m
am i free for 12 19 fourth January,fourth January,12 19
am i free for 5 17 on June twenty sixth,June twenty sixth,5 17
am i free for 5 22 fifteenth June,fifteenth June,5 22
am i free for 8 30 pm on second February,second February,8 30 pm
am i free in the 12 15 of twenty sixth May,twenty sixth May,12 15
am i free in the 12 30 on July third,July third,12 30
am i free in the 2 31 of November third,November third,2 31
am i free in the 7 7 on third August,third August,7 7
am i free on August fifth 4 50,August fifth,4 50
am i free on August third,August third,
am i free on December fourth 8 45 p m,December fourth,8 45 p m
am i free on July first,July first,
am i free on June twentieth,June twentieth,
am i free on May fifteenth,May fifteenth,
am i free on September third,September third,
am i free on fifteenth September,fifteenth September,
am i free on fifth May 10 53,fifth May,10 53
am i free on first February 11 15 a.m,first February,11 15 a.m
am i free on first June,first June,
am i free on fourth February 9 34 p.m,fourth February,9 34 p.m
am i free on fourth January 3 15,fourth January,3 15
am i free on second December 5,second December,5
am i free on second November 8 31 p m,second November,8 31 p m
am i free on third March at 3 53,third March,3 53
am i free on twentieth September at 12 15,twentieth September,12 15
am i free on twenty first February,twenty first February,
am i free on twenty first November,twenty first November,
am i free the 11 45 a m of March fifth,March fifth,11 45 a m
am i free the 3 54 p.m of fifth April,fifth April,3 54 p.m
am i free the 5 15 of fourth April,fourth April,5 15
am i free the 6 31 of twenty sixth July,twenty sixth July,6 31
am i open April twenty sixth,April twenty sixth,
am i open second October,second October,
any free time June twenty sixth,June twenty sixth,
any free time fourth June,fourth June,
any free time in my day May fifth,May fifth,
any free time in my day September fourth,September fourth,
any free time in my day fifteenth September,fifteenth September,
any free time in my day fifth March,fifth March,
any free time on my calendar for fourth August,fourth August,
any free time on my calendar for second December,second December,
any free time on my calendar for twenty first May,twenty first May,
any gaps in my day April fifteenth,April fifteenth,
any gaps in my day fourth June,fourth June,
any gaps in my schedule July fifteenth 11 42,July fifteenth,11 42
any gaps in my schedule November twenty sixth 6 56,November twenty sixth,6 56
any gaps in my schedule October twenty sixth 8 36,October twenty sixth,8 36
any gaps in my schedule September third 3 30,September third,3 30
any gaps in my schedule fifth February 3 46 p m,fifth February,3 46 p m
any gaps in my schedule first January 4 17 a m,first January,4 17 a m
any gaps in my schedule third June 6,third June,6
any open times in my schedule July twenty first,July twenty first,
any openings in my schedule December third,December third,
any openings in my schedule December twenty sixth,December twenty sixth,
any openings in my schedule May fifteenth,May fifteenth,
any openings in my schedule November fourth,November fourth,
any time slots available for twenty sixth August 5,twenty sixth August,5
any time slots available for twenty sixth May 8 8,twenty sixth May,8 8
are there any chances i'm free on fifth May,fifth May,
are there any chances i'm free on fifth November,fifth November,
are there free times on my schedule third January 9,third January,9
are there open times on my schedule April fifth,April fifth,
are there opening on my schedule for fifteenth September 11 44,fifteenth September,11 44
can i do 10 15 for a meeting,,10 15
can i do 12 16 for a meeting,,12 16
can i do 12 30 second September for a meeting,second September,12 30
can i do 5 30 pm for a meeting,,5 30 pm
can i do 5 for a meeting,,5
can i do 7 on twenty first November for a meeting,twenty first November,7
can i do 9 15 a.m fourth September for a meeting,fourth September,9 15 a.m
can i do April twenty first for a meeting,April twenty first,
can i do August first 7 42 a m for a meeting,August first,7 42 a m
can i do in the 6 30 on twentieth September for a meeting,twentieth September,6 30
can i do in the 7 30 a m on twentieth February for a meeting,twentieth February,7 30 a m
can i do twenty sixth January for a meeting,twenty sixth January,
can i fit in some appointments on October third,October third,
can i fit in some appointments on twenty sixth May,twenty sixth May,
can i fit this meeting in 8 17 a.m,,8 17 a.m
can i slide in some meetings December fifth 6 45 a.m,December fifth,6 45 a.m
can i slide in some meetings fifth February 12,fifth February,12
can i slip in a meeting on December third 6 30,December third,6 30
can i slip in a meeting on September twenty sixth 5 30,September twenty sixth,5 30
can i squeeze in meetings on fifth December,fifth December,
can i squeeze in meetings on twentieth March,twentieth March,
can you look into the times i am free April third,April third,
can you look into the times i am free December first,December first,
can you look into the times i am free February twenty sixth,February twenty sixth,
can you look into the times i am free May fifteenth,May fifteenth,
can you look into the times i am free first February,first February,
can you look into the times i am free first July,first July,
can you look into the times i am free fourth July,fourth July,
can you see if i am available August second 6 11 a.m,August second,6 11 a.m
can you see if i am available February twentieth 5 15 a m,February twentieth,5 15 a m
can you see if i am available June fifth 1 45,June fifth,1 45
can you see if i am available May first 8 am,May first,8 am
can you see if i am available May fourth 10 7 pm,May fourth,10 7 pm
can you see if i am available November fifth 3 13,November fifth,3 13
can you see if i am available October third 11 45,October third,11 45
can you see if i am available September third 10 57,September third,10 57
can you see if i am available September twenty sixth 12 15,September twenty sixth,12 15
can you see if i am available fifth June 8 30,fifth June,8 30
can you see if i am available first January 6 am,first January,6 am
can you see if i am available fourth August 9 a.m,fourth August,9 a.m
can you see if i am available in the 12 45 second August,second August,12 45
can you see if i am available in the 4 53 January first,January first,4 53
can you see if i am available second December 5 45,second December,5 45
can you see if i am available second January 9 15,second January,9 15
can you see if i am available second May 8 44,second May,8 44
can you see if i am available third July 9,third July,9
can you see if i am available twentieth July 11 32 am,twentieth July,11 32 am
can you see if i am available twenty sixth February 4 15 a m,twenty sixth February,4 15 a m
can you see if i am free June fifteenth in the 9 9,June fifteenth,9 9
can you see if i am free June fifth 4 30,June fifth,4 30
can you see if i am free June third 5 pm,June third,5 pm
can you see if i am free March second 9 3,March second,9 3
can you see if i am free fifteenth December 1 38,fifteenth December,1 38
can you see if i am free fifteenth January 1 30,fifteenth January,1 30
can you see if i am free fifteenth July in the 10 29 p.m,fifteenth July,10 29 p.m
can you see if i am free fifth September 2 52 am,fifth September,2 52 am
can you see if i am free first December 12 a.m,first December,12 a.m
can you see if i am free fourth September 12 30,fourth September,12 30
can you see if i am free second November 11 30 p m,second November,11 30 p m
can you see if i am free twenty first June in the 11 30,twenty first June,11 30
can you see if i am free twenty sixth November 9 17,twenty sixth November,9 17
can you tell me if there is any free time for December twenty first 2 31 a.m,December twenty first,2 31 a.m
can you tell me if there is any free time for February first 3 45,February first,3 45
can you tell me if there is any free time for May second 4 29,May second,4 29
can you tell me if there is any free time for November fifth 6 8 pm,November fifth,6 8 pm
can you tell me if there is any free time for second March 5 53,second March,5 53
check if am available March twentieth 8 9,March twentieth,8 9
check if am available May fifteenth 7 45,May fifteenth,7 45
check if am available fifth August 12 45,fifth August,12 45
check if am available first August 8 45,first August,8 45
check if am available first May 2 53,first May,2 53
check if am available in the 1,,1
check if am available in the 12 43 p m,,12 43 p m
check if am available in the 2 of November twenty first,November twenty first,2
check if am available in the 9 30 am,,9 30 am
check if am free April third 9,April third,9
check if am free July fourth 11 a.m,July fourth,11 a.m
check if am free fifteenth February 5 0,fifteenth February,5 0
check if am free fifteenth July 11 15,fifteenth July,11 15
check if am free fifteenth October 2 30,fifteenth October,2 30
check if am free fourth July 7,fourth July,7
check if am free in the 2 45 p.m,,2 45 p.m
check if am free in the 4 15,,4 15
check if am free in the 5 45,,5 45
check if am free in the 6 45,,6 45
check if am free in the 9 30,,9 30
check if am free second October 9 17 a m,second October,9 17 a m
check if i am available August fifteenth at 6 15,August fifteenth,6 15
check if i am available February second at 1 16,February second,1 16
check if i am available October fourth at 4 58,October fourth,4 58
check if i am available fifteenth March at 4 45 p m,fifteenth March,4 45 p m
check if i am free at 3 26 a m twenty first July,twenty first July,3 26 a m
check if i am free at 4 3 November third,November third,4 3
check if i am free at 8 38 on fifteenth February,fifteenth February,8 38
check if i am free at 9 8 am fifteenth May,fifteenth May,9 8 am
check if i'm free on November first in the 4 45 am,November first,4 45 am
check if i'm free on fourth August in the 5 15 am,fourth August,5 15 am
check that i am free April twentieth 1 15 pm,April twentieth,1 15 pm
check that i am free April twenty sixth 4 15,April twenty sixth,4 15
check that i am free January twentieth 6 15 a m,January twentieth,6 15 a m
check that i am free October second 5 15,October second,5 15
check that i am free on January fourth 12 6,January fourth,12 6
check that i am free on June twenty first 1 30,June twenty first,1 30
check that i am free on first November 12 30,first November,12 30
check that i am free twenty first August 4 30 p m,twenty first August,4 30 p m
check that i'm free April fifth 7 15 a.m,April fifth,7 15 a.m
check that i'm free February first 10 11,February first,10 11
check that i'm free May twenty sixth 5 47,May twenty sixth,5 47
check that i'm free November fourth 5 45 p m,November fourth,5 45 p m
check that i'm free first June 2 45 a m,first June,2 45 a m
check that i'm free first June 4 8,first June,4 8
check that i'm free third December 4 15,third December,4 15
could i fit in some meetings on September fourth,September fourth,
could i squeeze in some meetings September twenty first 2 45 p.m,September twenty first,2 45 p.m
could you check for gaps in my schedule June fifth,June fifth,
could you check if i am free June fourth for 6 15,June fourth,6 15
could you check if i am free October second for 12,October second,12
could you check if i'm free February twenty first at 2 30 pm,February twenty first,2 30 pm
could you check if i'm free July third at 11 30,July third,11 30
could you check if i'm free June fifth at 11 2,June fifth,11 2
could you see if i have an opening on 2 24 June fifteenth,June fifteenth,2 24
could you see if i have an opening on 7 45 pm January second,January second,7 45 pm
could you see if i have an opening on 8 2 July twenty sixth,July twenty sixth,8 2
do i have April first 1 45 free,April first,1 45
do i have December twenty first free,December twenty first,
do i have January twenty first free,January twenty first,
do i have July fifth open,July fifth,
do i have July fourth free,July fourth,
do i have July twenty sixth open,July twenty sixth,
do i have May fifth 5 6 p m free,May fifth,5 6 p m
do i have November fifteenth 1 45 am free,November fifteenth,1 45 am
do i have October fifth free,October fifth,
do i have September second 7 10 free,September second,7 10
do i have September second free,September second,
do i have September second free on my calendar,September second,
do i have September twenty first free,September twenty first,
do i have any openings July twenty sixth,July twenty sixth,
do i have any openings March second,March second,
do i have any openings May third,May third,
do i have any openings November twenty sixth,November twenty sixth,
do i have fifteenth January free,fifteenth January,
do i have fifth February 9 30 free,fifth February,9 30
do i have fifth July free,fifth July,
do i have fifth June free,fifth June,
do i have fourth October free,fourth October,
do i have free April third,April third,
do i have free July first,July first,
do i have free fifteenth February,fifteenth February,
do i have free fifteenth July,fifteenth July,
do i have free third October,third October,
do i have free time December first,December first,
do i have free time December twenty sixth,December twenty sixth,
do i have free time January fifth,January fifth,
do i have free time July twenty first,July twenty first,
do i have free time May twentieth,May twentieth,
do i have free time November fifteenth,November fifteenth,
do i have free time first September,first September,
do i have free time fourth February,fourth February,
do i have free time twentieth April,twentieth April,
do i have free time twenty sixth October,twenty sixth October,
do i have free twenty first October,twenty first October,
do i have second February open,second February,
do i have third February free,third February,
do i have third February open,third February,
do i have time available,,
do i have time available,,
do i have time available,,
do i have time available,,
do i have time available,,
do i have time for a concert on January twenty sixth 9 45,January twenty sixth,9 45
do i have time for a concert on May fourth 8 28,May fourth,8 28
do i have time for a concert on fifteenth March 12 15 a m,fifteenth March,12 15 a m
do i have time for a concert on fifth July 4 53,fifth July,4 53
do i have time for a concert on second June 1 a.m,second June,1 a.m
do i have time for a doctor s appointment on August first,August first,
do i have time for a doctor s appointment on August fourth,August fourth,
do i have time for a doctor s appointment on June twenty sixth,June twenty sixth,
do i have time for a doctor s appointment on May fifteenth,May fifteenth,
do i have time for a doctor s appointment on November second,November second,
do i have time for a doctor s appointment on fifth January,fifth January,
do i have time for a doctor s appointment on fourth March,fourth March,
do i have time for a doctor s appointment on twentieth December,twentieth December,
do i have time for a meeting with chandra 11 p.m,,11 p.m
do i have time for a meeting with chandra 12 15,,12 15
do i have time for a movie on November twenty first 12 26,November twenty first,12 26
do i have time for a movie on twenty sixth October 3 5 a.m,twenty sixth October,3 5 a.m
do i have time for the concert on July second,July second,
do i have time for the concert on September twenty sixth,September twenty sixth,
do i have time for the party on third January 12 15,third January,12 15
do i have time for the party on twenty first March 10 45,twenty first March,10 45
do i have time for the party on twenty sixth September 3,twenty sixth September,3
do i have time for the soccer game on first October 4 32,first October,4 32
do i have time for the soccer game on fourth June 7 30,fourth June,7 30
do i have time for the soccer game on fourth March 12 11 a.m,fourth March,12 11 a.m
do i have time for the soccer game on fourth May 9 a.m,fourth May,9 a.m
do i have time for the soccer game on second March 7 p m,second March,7 p m
do i have twenty first December free,twenty first December,
do i have twenty first November free on my calendar,twenty first November,
do i have twenty first October open,twenty first October,
do i have twenty sixth August free,twenty sixth August,
do i have twenty sixth September free,twenty sixth September,
does it look like i'm free at 1 a m twenty sixth August,twenty sixth August,1 a m
does it look like i'm free at 12 7 a m first November,first November,12 7 a m
does it look like i'm free at 6 45 a m March fifteenth,March fifteenth,6 45 a m
does it seem like i'm open on February twenty sixth 10 4,February twenty sixth,10 4
does my schedule look free April third,April third,
does my schedule look free December first,December first,
does my schedule look free fifth March,fifth March,
does my schedule look free first August,first August,
fifteenth November do i have free,fifteenth November,
fifteenth September 10 do i have free,fifteenth September,10
fifth March do i have any free time,fifth March,
find free time on my schedule August fifth,August fifth,
find free time on my schedule February twenty first,February twenty first,
find free time on my schedule June twentieth,June twentieth,
find free time on my schedule October twentieth,October twentieth,
find free time on my schedule fifteenth December,fifteenth December,
find free time on my schedule fifteenth July,fifteenth July,
find free time on my schedule first June,first June,
find free time on my schedule for twenty first May,twenty first May,
find out if i am free on fifth February at 11 45,fifth February,11 45
find out if i am free on twentieth August at 4,twentieth August,4
find out if i'm free on October fifth please,October fifth,
find out if i'm free on fifteenth October please,fifteenth October,
find some free time on my schedule May twentieth,May twentieth,
find some free time on my schedule twenty sixth June,twenty sixth June,
find some free times on October twenty first 3 30 a.m,October twenty first,3 30 a.m
find the free times on my schedule on fourth June,fourth June,
find the openings in my day for July third,July third,
find the openings in my day for fifteenth February,fifteenth February,
find the openings in my day for fifteenth November,fifteenth November,
find the openings in my day for fourth September,fourth September,
find the openings in my day for twenty sixth April,twenty sixth April,
find the openings in my schedule May fifth,May fifth,
find the openings in my schedule fourth January,fourth January,
find the openings on my calendar for April fifteenth,April fifteenth,
find the openings on my calendar for November twentieth,November twentieth,
find the openings on my calendar for fifth June,fifth June,
find the times i'm free,,
find the times i'm free,,
find the times i'm free December fifth,December fifth,
find the times i'm free December second,December second,
find the times i'm free June third,June third,
find time on my calendar for November first,November first,
find time on my schedule on December twentieth,December twentieth,
find time on my schedule on February fourth,February fourth,
find time on my schedule on fifth July,fifth July,
first May do i have free,first May,
first October 2 15 am am i free,first October,2 15 am
fourth April is that free,fourth April,
fourth December 11 52 pm do i have free time,fourth December,11 52 pm
have i got any free time February twenty sixth,February twenty sixth,
have i got any free time June twentieth,June twentieth,
have i got any free time November first,November first,
help me check if i am free first August 3 15,first August,3 15
is August twentieth all clear for me,August twentieth,
is December twenty first all clear for me,December twenty first,
is February twentieth open for me,February twentieth,
is January first all clear for me,January first,
is July second open for me,July second,
is June twenty sixth all clear for me,June twenty sixth,
is May twentieth open on my calendar,May twentieth,
is October fifth free for me,October fifth,
is September third open on my calendar,September third,
is September twentieth open for me,September twentieth,
is fifth November all clear for me,fifth November,
is fourth April open for me,fourth April,
is fourth December all clear for me,fourth December,
is my 1 30 a m on twentieth April open,twentieth April,1 30 a m
is my 1 45 a.m on August fourth open,August fourth,1 45 a.m
is my 12 15 p.m on August second open,August second,12 15 p.m
is my 12 15 p.m on twenty sixth November open,twenty sixth November,12 15 p.m
is my 2 15 p m on twenty first June open,twenty first June,2 15 p m
is my 2 24 on August twentieth open,August twentieth,2 24
is my 3 48 on April first open,April first,3 48
is my 6 45 on July twenty first open,July twenty first,6 45
is my 9 45 on February twentieth open,February twentieth,9 45
is my August fifth 11 available,August fifth,11
is my August fifth 9 45 open,August fifth,9 45
is my July fifteenth 2 45 open,July fifteenth,2 45
is my July fifteenth 9 45 free,July fifteenth,9 45
is my July twentieth 5 27 free,July twentieth,5 27
is my June second 9 45 open,June second,9 45
is my November second 9 30 pm open,November second,9 30 pm
is my October fourth 8 open,October fourth,8
is my September fourth 7 30 am open,September fourth,7 30 am
is my fifth October 4 open,fifth October,4
is my fourth November 9 40 free,fourth November,9 40
is my second April 5 15 pm open,second April,5 15 pm
is my second April 7 15 pm free,second April,7 15 pm
is my second March 3 43 open,second March,3 43
is my third November 9 45 free,third November,9 45
is my twentieth October 10 45 available,twentieth October,10 45
is my twenty first December 3 14 pm open,twenty first December,3 14 pm
is my twenty sixth October 1 45 pm free,twenty sixth October,1 45 pm
is the March twentieth free for me,March twentieth,
is the October twenty sixth free for me,October twenty sixth,
is the twenty sixth January free for me,twenty sixth January,
is there any free time on my schedule May fifteenth,May fifteenth,
is there any free time on my schedule fifteenth February,fifteenth February,
is there any space on my calendar June twentieth,June twentieth,
is there anytime i'm free on August twenty sixth,August twenty sixth,
is there anytime i'm free on December twentieth,December twentieth,
is there anytime i'm free on September fifth,September fifth,
is there anytime i'm free on fifth December,fifth December,
is there free time on my calendar on September second,September second,
is there free time on my calendar on fifteenth May,fifteenth May,
is there free time on my schedule,,
is there free time on my schedule,,
is there free time on my schedule,,
is there space on my calendar December third,December third,
is there space on my calendar February second,February second,
is there space on my calendar fifth August,fifth August,
is there space on my schedule for 11 60,,11 60
is there space on my schedule for 3 15 a.m,,3 15 a.m
is there times i'm free,,
is there times i'm free,,
is there times i'm free,,
is twentieth February open for me,twentieth February,
look into the times i am free August fifteenth,August fifteenth,
look into the times i am free twentieth June,twentieth June,
look up some free time on my calendar June second 8 15 a m,June second,8 15 a m
look up some free time on my calendar third March 4 40 am,third March,4 40 am
look up the free times on my calendar February first,February first,
look up the free times on my calendar January third,January third,
look up the free times on my calendar January twenty sixth,January twenty sixth,
look up the free times on my calendar June fifteenth,June fifteenth,
look up the free times on my calendar fifteenth October,fifteenth October,
look up the times i have free,,
look up the times i have free,,
look up the times i have free,,
look up the times i have free,,
look up the times i have free,,
look up the times i have free,,
look up the times i have free,,
look up the times i have free,,
look up the times i have free,,
look up the times i have free,,
look up the times i have free on my schedule,,
look up the times i have free on my schedule,,
look up the times i have free on my schedule,,
look up the times i have free on my schedule,,
look up the times i'm free,,
look up the times i'm free on October second,October second,
look up the times i'm free on fifteenth June,fifteenth June,
on January second do i have times available,January second,
on July fifth do i have free,July fifth,
on fifth January do i have free,fifth January,
on fourth September do i have free,fourth September,
on twentieth January do i have free,twentieth January,
on twenty first October do i have free,twenty first October,
please check if i'm free on April first,April first,
please check if i'm free on January third,January third,
please check if i'm free on January twentieth,January twentieth,
please check if i'm free on twenty first April,twenty first April,
see if i am free April twenty sixth 12 p.m,April twenty sixth,12 p.m
see if i am free on March fifteenth,March fifteenth,
see if i am free on the September twenty sixth,September twenty sixth,
see if i am free on the first July,first July,
see if i'm free on December twentieth 11 45,December twentieth,11 45
see if i'm free on January twentieth 12,January twentieth,12
show me free times on my schedule on August fifteenth,August fifteenth,
show me free times on my schedule on December twenty first,December twenty first,
show me free times on my schedule on first June,first June,
show me free times on my schedule on third February,third February,
show me if i am free 4 on October first,October first,4
show me the free times i have on July fifteenth,July fifteenth,
show me the gaps in my schedule June first 2 6,June first,2 6
show me the gaps in my schedule fifteenth January 6 59,fifteenth January,6 59
show me the gaps in my schedule fourth September 2 30,fourth September,2 30
show me the openings on my calendar July fifteenth,July fifteenth,
show me the openings on my calendar March third,March third,
show me the openings on my calendar third January,third January,
tell me if i'm free October first 8 57 pm,October first,8 57 pm
tell me if i'm free September third 11 15,September third,11 15
tell me the breaks in my day March third,March third,
tell me the breaks in my day twenty sixth September,twenty sixth September,
tell me the breaks in my schedule,,
tell me the breaks in my schedule,,
tell me the breaks in my schedule,,
tell me the breaks in my schedule,,
tell me the openings in my schedule,,
tell me the openings in my schedule,,
tell me when i am free on May fourth,May fourth,
tell me when i should be free fourth June,fourth June,
tell me when i'm free October fourth,October fourth,
tell me when i'm free fourth November,fourth November,
tell me when i'm free second August,second August,
tell me when i'm free second September,second September,
the 3 of March twenty sixth is that free,March twenty sixth,3
third April do i have free time,third April,
third January is that free,third January,
third May 4 56 a m am i free,third May,4 56 a m
twentieth April am i free,twentieth April,
twentieth August 3 15 do i have free,twentieth August,3 15
twentieth August am i free,twentieth August,
twentieth November am i free,twentieth November,
twenty first February is that free,twenty first February,
twenty first May is that free,twenty first May,
twenty sixth April am i free,twenty sixth April,
what are the breaks in my day on first July,first July,
what are the breaks in my day on fourth April,fourth April,
what are the free times i have on my schedule,,
what are the free times i have on my schedule,,
what are the gaps in my schedule,,
what are the gaps in my schedule,,
what are the openings in my calendar July fifth,July fifth,
what are the openings in my calendar September third,September third,
what are the openings in my calendar third November,third November,
what are the openings in my schedule August third,August third,
what are the openings in my schedule July fifteenth,July fifteenth,
what are the openings on my schedule for November twenty sixth,November twenty sixth,
what are the openings on my schedule for fifteenth April,fifteenth April,
what are the openings on my schedule for twenty first January,twenty first January,
what free time do i have 3 9,,3 9
what free time do i have December fifth 6 45 pm,December fifth,6 45 pm
what free time do i have June fourth,June fourth,
what free time do i have May twenty first,May twenty first,
what free time do i have on October twenty first,October twenty first,
what free time do i have on fifteenth January,fifteenth January,
what free time do i have on third June,third June,
what free time do i have on twenty sixth March,twenty sixth March,
what free time do i have second February 7 36 a.m,second February,7 36 a.m
what free time do i have second June 6 30,second June,6 30
what free time do i have third September 9 30,third September,9 30
what free time do i have twentieth September 4 45 p.m,twentieth September,4 45 p.m
what free time do i have twenty first October,twenty first October,
what gaps do i have in my schedule on June fifth,June fifth,
what gaps do i have in my schedule on June third,June third,
what gaps do i have in my schedule on twenty sixth March,twenty sixth March,
what openings do i have March first,March first,
what openings do i have in my schedule April fifth,April fifth,
what openings do i have in my schedule February twenty sixth,February twenty sixth,
what openings do i have in my schedule November second,November second,
what openings do i have in my schedule November twenty sixth,November twenty sixth,
what openings do i have in my schedule fifteenth November,fifteenth November,
what openings do i have in my schedule first July,first July,
what openings do i have in my schedule second March,second March,
what openings do i have on the calendar,,
what time am i free January fifth for a meeting,January fifth,
what time am i free January twentieth for a meeting,January twentieth,
what time am i free May second for a meeting,May second,
what time am i free May twenty first for a meeting,May twenty first,
what time can i fit in a meeting with ken on first June 8 5 am,first June,8 5 am
what times am i available on July fifth,July fifth,
what times am i available on fifth January,fifth January,
what times am i available on third April,third April,
what times am i free,,
what times am i free,,
what times am i free,,
what times am i free,,
what times am i free August first,August first,
what times am i free December fifteenth,December fifteenth,
what times am i free January fifth 7 45,January fifth,7 45
what times am i free January twentieth,January twentieth,
what times am i free January twenty first,January twenty first,
what times am i free July fifth,July fifth,
what times am i free May first,May first,
what times am i free October third,October third,
what times am i free October twenty sixth,October twenty sixth,
what times am i free September third,September third,
what times am i free fifteenth June 11 43,fifteenth June,11 43
what times am i free fifth September,fifth September,
what times am i free on the December twentieth,December twentieth,
what times am i free on the first April,first April,
what times am i free on the second November,second November,
what times am i free on twentieth January,twentieth January,
what times am i free on twentieth September,twentieth September,
what times am i free second December,second December,
what times am i free third September,third September,
what times am i free twenty sixth May,twenty sixth May,
what times are free on my calendar fifth August,fifth August,
what times are free on my calendar twenty sixth February,twenty sixth February,
what times are free on my schedule,,
what times do i have free,,
what times do i have free,,
what times do i have free,,
what times do i have free,,
what times do i have free on April third,April third,
what times do i have free on January twenty first,January twenty first,
what times do i have free on January twenty sixth,January twenty sixth,
what times do i have free on October fifth,October fifth,
what times do i have free on fifth July,fifth July,
what times do i have free on first December,first December,
what times do i have free on twentieth February,twentieth February,
what times have i got free,,
what times have i got free,,
what times have i got free,,
what times have i got free,,
what times have i got free,,
when am i available on February fifteenth,February fifteenth,
when am i available on June second,June second,
when am i available on March fifteenth,March fifteenth,
when am i available on fifth August,fifth August,
when am i available on fifth November,fifth November,
when am i free January fourth 9 15,January fourth,9 15
when am i free on November second,November second,
when am i free on fifth March,fifth March,
when am i free on second April,second April,
when am i free on the 10 45 on May second,May second,10 45
when am i free on the 2 45 pm on May twenty first,May twenty first,2 45 pm
when am i free on twentieth February,twentieth February,
when am i free on twenty first April,twenty first April,
when am i free this June second,June second,
when am i free this May twentieth,May twentieth,
when am i free this fifteenth May,fifteenth May,
when am i free this twentieth January,twentieth January,
when am i free twenty first September 7 30 p m,twenty first September,7 30 p m
when can i schedule a 11 4 a m with david November fifteenth,November fifteenth,11 4 a m
when can i schedule a meeting with chandra April twenty sixth,April twenty sixth,
when can i schedule a meeting with chandra December second,December second,
when can i schedule a meeting with chandra December third,December third,
when can i schedule a meeting with chandra February fifth,February fifth,
when can i schedule a meeting with chandra July twenty first,July twenty first,
when can i schedule a meeting with chandra May twenty sixth,May twenty sixth,
when can i schedule a meeting with chandra November second,November second,
when can i schedule a meeting with chandra October twenty sixth,October twenty sixth,
when can i schedule a meeting with chandra September fifteenth,September fifteenth,
when can i schedule a meeting with chandra September twentieth,September twentieth,
when can i schedule a meeting with chandra September twenty sixth,September twenty sixth,
when can i schedule a meeting with chandra fifth June,fifth June,
when can i schedule a meeting with chandra first February,first February,
when can i schedule a meeting with chandra first March,first March,
when can i schedule a meeting with chandra fourth May,fourth May,
when can i schedule a meeting with chandra fourth September,fourth September,
when can i schedule a meeting with chandra second October,second October,
when can i schedule a meeting with chandra twentieth January,twentieth January,
when can i schedule a meeting with chandra twentieth September,twentieth September,
when can i schedule a meeting with chandra twenty first March,twenty first March,
when do i have free time,,
when do i have free time,,
when do i have free time,,
when do i have openings in my calendar,,
when do i have some time on the calendar,,
when do i have some time on the calendar,,
when do i have some time on the calendar,,
when do i have some time on the calendar,,
when do i have some time on the calendar,,
when do i have some time on the calendar,,
when is my schedule free,,
when is my schedule free,,
when is my schedule free,,
when is my schedule free,,
when should i schedule this meeting,,
when should i schedule this meeting,,
when should i schedule this meeting,,
when should i schedule this meeting,,
when should i schedule this meeting,,
when should i schedule this meeting,,
where are the breaks in my schedule,,
where are the breaks in my schedule,,
where are the breaks in schedule,,
where are the gaps in my schedule June fifteenth,June fifteenth,
where are the gaps in my schedule March fourth,March fourth,
where are the gaps in my schedule first June,first June,
where are the gaps in my schedule twenty first November,twenty first November,
will i be free August fourth,August fourth,
will i be free March fifth,March fifth,
will i be free March twenty first,March twenty first,
will i be free May second,May second,
will i be free first June,first June,
will i be free first November,first November,
will i be free fourth September,fourth September,
will i be free on the 1 15 a.m of April second,April second,1 15 a.m
will i be free on the 1 15 of October fourth,October fourth,1 15
will i be free on the 5 27 p.m of third October,third October,5 27 p.m
will i be free twentieth September,twentieth September,
will i be free twenty sixth August,twenty sixth August,
would i be free April fourth 11 p.m,April fourth,11 p.m
would i be free December fifth 4 45 pm,December fifth,4 45 pm
would i be free September third,September third,
would i be free on August twenty sixth 12 45 am,August twenty sixth,12 45 am
would i be free on June twentieth 4 18 pm,June twentieth,4 18 pm
would i be free on March second 7 42,March second,7 42
would i be free on October first 7 15,October first,7 15
would i be free on fifteenth October 9,fifteenth October,9
would i be free on first March 6,first March,6
would i be free on third July 1 36,third July,1 36
would i be free on twenty first September 4 56 p m,twenty first September,4 56 p m
