MusicInfoSimilarArtistsResponse,MusicInfoSimilarArtistsArtist
browse artists similar to nine days,nine days
browse artists similar to pete yorn,pete yorn
browse artists similar to second one,second one
browse artists similar to starship,starship
browse artists similar to them,them
browse some artists like ninth,ninth
browse some artists like pulp,pulp
browse some artists like sixth,sixth
browse some artists like some of that,some of that
browse some artists like the sunny cowgirls,the sunny cowgirls
browse some artists like third one,third one
browse some artists like top ringtones,top ringtones
can i see some artists like cast - frozen,cast - frozen
can i see some artists like current swell,current swell
can i see some artists like eighth one,eighth one
can i see some artists like first one,first one
can i see some artists like joan regan,joan regan
can i see some artists like last one,last one
can i see some artists like laura veirs,laura veirs
can i see some artists like sidney samson,sidney samson
can i see some artists like soda stereo,soda stereo
can i see some artists like stereolab,stereolab
can i see some artists like third,third
can i see some artists that are like best tv movie themes,best tv movie themes
can i see some artists that are like fourth,fourth
can i see some artists that are like it,it
can i see some artists that are like it,it
can i see some artists that are like second one,second one
can i see some artists that are like sixth,sixth
can i see some artists that are like that band,that band
can i see some artists that are like the ninth,the ninth
can you find any artists like daniel ingram,daniel ingram
can you find any artists like eighth one,eighth one
can you find any artists like ninth,ninth
can you find any artists like nyla,nyla
can you find any artists like some of that,some of that
can you find any artists like the tenth,the tenth
can you find any artists like them,them
can you find any artists like this,this
can you find any artists like this artist,this artist
can you find artists like big audio dynamite,big audio dynamite
can you find artists like this performer,this performer
can you find artists like x ambassadors,x ambassadors
can you find me musicians that sound like chandra kamal,chandra kamal
can you find me musicians that sound like country hits,country hits
can you find me musicians that sound like lloyd cole,lloyd cole
can you find me musicians that sound like the last,the last
can you find some artist like dani martin,dani martin
can you find some artist like olivia newton-john,olivia newton-john
can you find some artist like the country music heroes,the country music heroes
can you find some artist like whitney houston,whitney houston
can you name a few artists that sound like testament,testament
can you name a few artists that sound like that artist,that artist
can you name some artists that are similar to all that remains,all that remains
can you name some artists that are similar to cast,cast
can you name some artists that are similar to jørn hoel,jørn hoel
can you name some artists that are similar to pixie lott,pixie lott
can you name some artists that are similar to the ninth,the ninth
can you name some artists that are similar to this band,this band
can you name some artists that are similar to wilson pickett,wilson pickett
can you name some artists that sound similar to fifth one,fifth one
can you name some artists that sound similar to tom petty the heartbreakers,tom petty the heartbreakers
can you please show artists similar to band,band
can you please show artists similar to fifth one,fifth one
can you please show artists similar to the third,the third
can you please show me artists that sound like 70s greatest hits,70s greatest hits
can you please show me artists that sound like benjamin clementine,benjamin clementine
can you please show me artists that sound like c c music factory,c c music factory
can you please show me artists that sound like chingy,chingy
can you please show me artists that sound like current singer,current singer
can you please show me artists that sound like falling in reverse,falling in reverse
can you please show me artists that sound like frou frou,frou frou
can you please show me artists that sound like motown masters,motown masters
can you please show me artists that sound like mr little jeans,mr little jeans
can you please show me artists that sound like seventh,seventh
can you please show me artists that sound like that performer,that performer
can you please show me artists that sound like the sounds,the sounds
can you please show me artists that sound like they,they
can you please show me artists that sound like this band,this band
can you please show me artists that sound like this band,this band
can you please show me artists that sound like vineyard worship,vineyard worship
can you search for artists like britt nicole,britt nicole
can you search for artists like cage the elephant,cage the elephant
can you search for artists like christina perri,christina perri
can you search for artists like gloria gaynor,gloria gaynor
can you search for artists like hard kaur,hard kaur
can you search for artists like sixth,sixth
can you search for artists like sixth one,sixth one
can you should me some similar artists,
can you should me some similar artists,
can you should me some similar artists,
can you should me some similar artists,
can you should me some similar artists,
can you should me some similar artists,
can you show me artists similar to hazel o'connor,hazel o'connor
can you show me artists similar to kaylens rain,kaylens rain
can you show me artists similar to she,she
can you show me artists similar to that band,that band
can you show me artists that are similar to raulin rodriguez,raulin rodriguez
can you show me artists that are similar to reckless kelly,reckless kelly
can you show me artists that are similar to seventh,seventh
can you show me artists that are similar to she,she
can you show me artists that are similar to the sixth,the sixth
can you show me artists that are similar to tito el bambino,tito el bambino
can you show more bands like graeme connors,graeme connors
can you show more bands like her,her
can you show more bands like michael crawford,michael crawford
can you show more bands like some of that,some of that
can you show some artists like antonio pinto,antonio pinto
can you show some artists like burl ives,burl ives
can you show some artists like ninth,ninth
can you show some artists like omfg,omfg
could you name a few acts like the band they,they
could you name some artists similar to roberta flack,roberta flack
do you know any artists similar to baauer,baauer
do you know any bands like eighth one,eighth one
do you know any bands like kristen bell,kristen bell
do you know any bands like the rembrandts,the rembrandts
do you know any bands similar to eighth one,eighth one
do you know any bands similar to floyd cramer,floyd cramer
do you know any bands similar to lsg,lsg
do you know any bands similar to lucero,lucero
do you know any bands similar to massage tribe,massage tribe
do you know any bands similar to motley crue,motley crue
do you know any bands similar to outasight,outasight
do you know any bands similar to rush,rush
do you know any bands similar to their,their
do you know other singers like la oreja de van gogh,la oreja de van gogh
do you know other singers like miss saigon original cast,miss saigon original cast
do you know other singers like the angels,the angels
do you know what acts are similar to reckless kelly,reckless kelly
do you know what acts are similar to second one,second one
do you know what artists are similar to bros,bros
do you know what artists are similar to curtis mayfield,curtis mayfield
do you know what artists are similar to enrique iglesias romeo santos,enrique iglesias romeo santos
do you know what artists are similar to fourth one,fourth one
do you know what artists are similar to josé carreras,josé carreras
do you know what artists are similar to terje formoe,terje formoe
do you know what artists are similar to the eighth,the eighth
do you know what artists are similar to tinashe,tinashe
find acts that are similar to current singer,current singer
find acts that are similar to ghostpoet,ghostpoet
find acts that are similar to king creosote,king creosote
find acts that are similar to sarah mcmillan,sarah mcmillan
find acts that are similar to the miracles,the miracles
find acts that are similar to the second,the second
find andrew belle s similar artists,andrew belle
find another artist like beach sounds 2016,beach sounds 2016
find another artist like dillinger escape plan,dillinger escape plan
find another artist like ella baila sola,ella baila sola
find another artist like phillipa soo,phillipa soo
find another artist like toni childs,toni childs
find another band like fifth one,fifth one
find another band like ninth one,ninth one
find another band like the fresh beat band,the fresh beat band
find another band like them,them
find another singer like singer,singer
find another singer like the cat empire,the cat empire
find any similar artists to last one,last one
find artists kinda like colton dixon,colton dixon
find artists kinda like herbert grönemeyer,herbert grönemeyer
find artists kinda like keith richards,keith richards
find artists kinda like rich homie quan,rich homie quan
find artists kinda like seventh,seventh
find artists kinda like this,this
find artists like aronchupa,aronchupa
find artists like chinese man,chinese man
find artists like claudio arrau,claudio arrau
find artists like eric hutchinson,eric hutchinson
find artists like fedez,fedez
find artists like fifth,fifth
find artists like jason owen,jason owen
find artists like kimbra,kimbra
find artists like negramaro,negramaro
find artists like nothing more,nothing more
find artists like supertramp,supertramp
find artists like that singer,that singer
find artists like the fifth,the fifth
find artists like the fourth,the fourth
find artists like the ninth,the ninth
find artists like them,them
find artists related to band,band
find artists related to eighth,eighth
find artists related to millie jackson,millie jackson
find artists related to oasis,oasis
find artists related to spm,spm
find artists related to that performer,that performer
find artists related to the marcels,the marcels
find artists related to the seventh,the seventh
find artists related to the sixth,the sixth
find artists related to the tv theme players,the tv theme players
find artists related to they,they
find artists related to violet road,violet road
find artists similar to céline dion,céline dion
find artists similar to fourth one,fourth one
find artists similar to her,her
find artists similar to her,her
find artists similar to kisschasy,kisschasy
find artists similar to nicky romero,nicky romero
find artists similar to the fifth,the fifth
find artists similar to the robert cray band,the robert cray band
find artists similar to third,third
find artists similar to this,this
find artists similar to tindersticks,tindersticks
find artists similar to vinni,vinni
find artists sounding like chris cagle,chris cagle
find artists sounding like concrete blonde,concrete blonde
find artists sounding like cornelis vreeswijk,cornelis vreeswijk
find artists sounding like joe,joe
find artists sounding like joe lynn turner,joe lynn turner
find artists sounding like last one,last one
find artists sounding like minor threat,minor threat
find artists sounding like seal,seal
find artists sounding like some of that,some of that
find artists sounding like sounds of nature white noise sound effects,sounds of nature white noise sound effects
find artists sounding like the eighth,the eighth
find artists sounding like their,their
find artists sounding like third,third
find artists that are close to dusty springfield,dusty springfield
find artists that are kind of like bill frisell,bill frisell
find artists that are kind of like lady gaga r kelly,lady gaga r kelly
find artists that are kind of like second,second
find artists that are similar to die fantastischen vier,die fantastischen vier
find artists the most like first,first
find bands like 3oh 3 one,3oh 3
find bands like big smo,big smo
find bands like erasure,erasure
find bands like fountains of wayne,fountains of wayne
find bands like gracie fields,gracie fields
find bands like he one,he
find bands like jacob sartorius,jacob sartorius
find bands like jimi hendrix,jimi hendrix
find bands like los bukis,los bukis
find bands like lucinda williams,lucinda williams
find bands like lucio dalla one,lucio dalla
find bands like rae morris,rae morris
find bands like seventh,seventh
find bands like terry jacks,terry jacks
find bands like thalía,thalía
find bands like that performer,that performer
find bands like the davitts,the davitts
find bands like the first,the first
find bands like the third,the third
find bands like ufo,ufo
find bands that are like augie march,augie march
find bands that are like first one,first one
find bands that are like ninth one,ninth one
find bands that are like second,second
find bands that are like that musician,that musician
find bands that are like the fourth,the fourth
find bands that are like the zombies,the zombies
find bands that are like white lung,white lung
find bands that are similar to black moon,black moon
find bands that are similar to cameo,cameo
find bands that are similar to dina carroll,dina carroll
find bands that are similar to os paralamas do sucesso,os paralamas do sucesso
find bands that are similar to ruben studdard,ruben studdard
find bands that are similar to the seventh,the seventh
find bands that sound like his,his
find diplo similar artists,diplo
find fourth one similar artists,fourth one
find john ottman similar artists,john ottman
find keira knightley similar artists,keira knightley
find last similar artists,last
find me acts similar to alison moyet,alison moyet
find me acts similar to blake shelton,blake shelton
find me acts similar to color me badd,color me badd
find me acts similar to he,he
find me acts similar to their,their
find me an artist like chris quilala,chris quilala
find me an artist like nina nesbitt,nina nesbitt
find me an artist like that singer,that singer
find me an artist like the seventh,the seventh
find me an artist like warner newman,warner newman
find me artists like current singer,current singer
find me artists like grace phipps,grace phipps
find me artists like kevin gates,kevin gates
find me artists like the second,the second
find me artists that sounds like eighth one,eighth one
find me artists that sounds like everlast,everlast
find me artists that sounds like fifth one,fifth one
find me artists that sounds like kerry ellis,kerry ellis
find me artists that sounds like last one,last one
find me artists that sounds like milk bone,milk bone
find me artists that sounds like sajid wajid,sajid wajid
find me artists that sounds like seventh one,seventh one
find me artists that sounds like them,them
find me bands similar to duane eddy,duane eddy
find me bands similar to fifth,fifth
find me bands similar to skambankt,skambankt
find me bands similar to tory lanez,tory lanez
find me bands similar to weird al yankovic,weird al yankovic
find me country music artists like first,first
find me country music artists like mallory knox,mallory knox
find me country music artists like william tyler,william tyler
find me more artists similar to band,band
find me more artists similar to dr feelgood,dr feelgood
find me more artists similar to elliott smith,elliott smith
find me more artists similar to last one,last one
find me more artists similar to the fifth,the fifth
find me more artists similar to tracy byrd,tracy byrd
find me musicians like fifth one,fifth one
find me musicians like gary allan,gary allan
find me musicians like last one,last one
find me musicians like oh land,oh land
find me musicians like wavves,wavves
find me musicians like winky d,winky d
find me rappers like second,second
find me rappers like the fifth,the fifth
find me similiar musicians to that performer,that performer
find me singers like dan seals,dan seals
find me singers like daniele silvestri,daniele silvestri
find me singers like ninth one,ninth one
find me singers like stan getz,stan getz
find me singers like the church,the church
find me singers like the fourth,the fourth
find me singers like theodore shapiro,theodore shapiro
find me singers that are like band,band
find me singers that are like fourth one,fourth one
find me singers that are like hanne boel,hanne boel
find me singers that are like malú,malú
find me some artists like brian hyland,brian hyland
find me some artists like claudio baglioni,claudio baglioni
find me some artists like europe,europe
find me some artists like his,his
find me some artists like jodi benson,jodi benson
find me some artists like pandora,pandora
find me some artists like tenth,tenth
find me some bands similar to meshuggah,meshuggah
find me some bands similar to moses sumney,moses sumney
find me some bands similar to singer,singer
find me some bands similar to sleeping giant,sleeping giant
find me some bands similar to the first,the first
find me some bands similar to the tenth,the tenth
find me some bands similar to wild nothing,wild nothing
find me someone who sounds like jonathan butler,jonathan butler
find more acts like band one,band
find more acts like fifth,fifth
find more acts like joseph trapanese,joseph trapanese
find more acts like lea salonga one,lea salonga
find more acts like second,second
find more acts like the charlie daniels band,the charlie daniels band
find more acts like the sensational alex harvey band,the sensational alex harvey band
find more acts like wizex one,wizex
find more acts that are similar,
find more artist that sound like kings of tomorrow,kings of tomorrow
find more artist that sound like sixth,sixth
find more artist that sound like some of that,some of that
find more artist that sound like this artist,this artist
find more artists like kumar sanu,kumar sanu
find more artists like shawn colvin,shawn colvin
find more artists like she,she
find more artists like that band,that band
find more artists like the la s,the la s
find more artists that sound similar,
find more artists that sound similar,
find more artists that sound similar,
find more artists that sound similar,
find more artists that sound similar,
find more artists that sound similar,
find more artists that sound similar,
find more bands like body count,body count
find more bands like bring me the horizon,bring me the horizon
find more bands like ina wroldsen,ina wroldsen
find more bands like instrumental music makers,instrumental music makers
find more bands like john fogerty,john fogerty
find more bands like lianne la havas,lianne la havas
find more bands like ninth,ninth
find more bands like that artist,that artist
find more bands like the gap band,the gap band
find more bands like them,them
find more like anne grete preus,anne grete preus
find more like band,band
find more like kottonmouth kings,kottonmouth kings
find more like sixth one,sixth one
find more rappers like army of lovers,army of lovers
find more rappers like crash test dummies,crash test dummies
find more rappers like drapht,drapht
find more rappers like that musician,that musician
find more rappers like the seventh,the seventh
find more similar artists,
find more similar artists,
find more similar artists,
find more similar artists,
find more similar artists,
find more similar bands,
find more similar bands,
find more similar bands,
find more similar bands,
find more similar bands,
find more similar bands,
find more similar bands,
find more similar bands,
find more similar bands,
find music that sounds like demet akalın,demet akalın
find music that sounds like john lloyd young,john lloyd young
find other artist like al stewart,al stewart
find other artist like arch enemy,arch enemy
find other artist like christmas,christmas
find other artist like last,last
find other artists like artist,artist
find other artists like stevie b,stevie b
find other artists similar to cinnamon chasers,cinnamon chasers
find other artists similar to her,her
find other artists similar to olivia holt,olivia holt
find other artists similar to tenth,tenth
find other artists similar to the first,the first
find other artists similar to tommy fleming,tommy fleming
find other artists that sound like their,their
find other bands like madeleine peyroux,madeleine peyroux
find other bands like sixth one,sixth one
find other bands like some of that,some of that
find other bands similar to cali swag district,cali swag district
find other djs like breathe carolina,breathe carolina
find other djs like fourth one,fourth one
find other djs like gnarls barkley,gnarls barkley
find other djs like róisín murphy,róisín murphy
find other musicians like banda el recodo de cruz lizárraga,banda el recodo de cruz lizárraga
find other musicians like current singer,current singer
find other musicians like he,he
find other musicians like iris dement,iris dement
find other musicians like olly murs,olly murs
find other musicians like sounds of nature white noise sound effects,sounds of nature white noise sound effects
find other performers like jessy lanza,jessy lanza
find other performers like jorge mateus,jorge mateus
find other performers like manuel carrasco,manuel carrasco
find other performers like r kelly,r kelly
find other performers like that,that
find other performers like the fifth,the fifth
find other rappers like amira,amira
find other singers like eighth one,eighth one
find other singers like that singer,that singer
find other singers like this,this
find pat benatar s similar artists,pat benatar
find rappers similar to big pig,big pig
find rappers similar to brownstone,brownstone
find rappers similar to eighth,eighth
find rappers similar to his,his
find rappers similar to redman,redman
find rappers similar to seventh one,seventh one
find rappers similar to tenth one,tenth one
find related artists to karthik,karthik
find related artists to the tenth,the tenth
find related artists to tosca,tosca
find she s similar artists,she
find similar artists for august alsina,august alsina
find similar artists for black m,black m
find similar artists for juliet simms,juliet simms
find similar artists for me,
find similar artists for me,
find similar artists for me,
find similar artists for me,
find similar artists for me,
find similar artists for me,
find similar artists for me,
find similar artists for me,
find similar artists for me,
find similar artists for me,
find similar artists to twenty88,twenty88
find similar bands,
find similar bands,
find similar bands,
find similar bands,
find similar bands,
find singer similar artists,singer
find singers similar to beverley craven,beverley craven
find singers similar to charles mingus,charles mingus
find singers similar to he,he
find singers similar to the platters,the platters
find singers that sound like dan shay,dan shay
find singers that sound like eighth one,eighth one
find singers that sound like thievery corporation,thievery corporation
find singers who are similar,
find singers who are similar,
find singers who are similar,
find snoop lion s similar artists,snoop lion
find some artists that are similar,
find some artists that are similar,
find some artists that are similar,
find some artists that are similar,
find some artists that are similar,
find some artists that are similar,
find some artists that are similar,
find some artists that are similar,
find some artists that are similar,
find some artists that are similar,
find some more like fifth one,fifth one
find some more like franck pourcel,franck pourcel
find some more like mario,mario
find some more like seether,seether
find some more like sixth,sixth
find some more like some of that,some of that
find some more like this band,this band
find some musicians that sound like billy preston,billy preston
find some musicians that sound like flight facilities,flight facilities
find some musicians that sound like george strait,george strait
find some musicians that sound like seventh,seventh
find some musicians that sound like sixth,sixth
find some musicians that sound like sløtface,sløtface
find some other artists like ina müller,ina müller
find some similar acts,
find some similar acts,
find some similar bands,
find some similar bands,
find some similar bands,
find some similar bands,
find some similar bands,
find some similar bands,
find some similar bands,
find some similar bands,
find something similar to that artist,that artist
find supertramp similar artists,supertramp
find that artist similar artists,that artist
find that musician s similar artists,that musician
find the artists that are similar to clint black,clint black
find the artists that are similar to jimmy smith,jimmy smith
find the artists that are similar to teenage fanclub,teenage fanclub
find the bands that are like bedouin soundclash,bedouin soundclash
find the bands that are like dashboard confessional,dashboard confessional
find the bands that are like hanson,hanson
find the bands that are like the subways,the subways
find the bands that are like this musician,this musician
find the bands that are like william matthews,william matthews
find the bands that are like willie nelson,willie nelson
find the bands that are like yanni,yanni
find the highwaymen similar artists,the highwaymen
find the ninth similar artists,the ninth
find the other artists like bad english,bad english
find the other artists like big brother the holding company,big brother the holding company
find the other artists like heatwave,heatwave
find the other artists like metallica,metallica
find the other artists like ninth,ninth
find the other artists like peter green,peter green
find the other artists like roger miller,roger miller
find the other artists like russell crowe,russell crowe
find the other artists like second,second
find the other artists like shirley caesar,shirley caesar
find the other artists like the kills,the kills
find the other artists like the last,the last
find the other artists like their,their
find this artist similar artists,this artist
find this musician similar artists,this musician
find what so not similar artists,what so not
get artists like bendik,bendik
get artists like chayanne,chayanne
get artists like eddie rabbitt,eddie rabbitt
get artists like eighth one,eighth one
get artists like ninth,ninth
get artists like six feet under,six feet under
get artists like the ninth,the ninth
get artists like the sixth,the sixth
get artists similar to the fourth,the fourth
get artists similar to the third,the third
get artists similar to tove lo,tove lo
get artists who are similar to fifth,fifth
get artists who are similar to reik,reik
get artists who are similar to second one,second one
get artists who are similar to sondre lerche,sondre lerche
get artists who are similar to tenth one,tenth one
get me more acts like eighth one,eighth one
get me more acts like seventh,seventh
get me more acts like t rex,t rex
get me more acts like the jacksons,the jacksons
get me more acts that sound bon jovi way,bon jovi
get me more acts that sound conor maynard way,conor maynard
get me more acts that sound marcia griffiths way,marcia griffiths
get me more acts that sound ninth way,ninth
get me more acts that sound saxon way,saxon
get me more acts that sound souls of mischief way,souls of mischief
get me more acts that sound the fatback band way,the fatback band
get me more artists like m o,m o
get me more artists like rob bailey the hustle standard,rob bailey the hustle standard
get me more artists like the seventh,the seventh
get me other bands that sound like him,him
get me other bands that sound like kay starr,kay starr
get me other bands that sound like second,second
get me other bands that sound like sixth,sixth
get me other bands that sound like taizé,taizé
get me other bands that sound like the offspring,the offspring
get me similar artists to black dog bone,black dog bone
get me similar artists to christian workout hits,christian workout hits
get me similar artists to dae dae,dae dae
get me similar artists to drive-by truckers,drive-by truckers
get me similar artists to emiliana torrini,emiliana torrini
get me similar artists to fifth one,fifth one
get me similar artists to halsey,halsey
get me similar artists to marco antonio solís,marco antonio solís
get me similar artists to papa wemba,papa wemba
get me similar artists to psirico,psirico
get me similar artists to sage the gemini,sage the gemini
get me similar artists to stars go dim,stars go dim
get me similar artists to the eighth,the eighth
get me similar artists to wyclef jean feat avicii,wyclef jean feat avicii
get me similar artists to åge aleksandersen,åge aleksandersen
get me the artists that are like andy black,andy black
get me the artists that are like anna kendrick,anna kendrick
get me the bands that are similar to eko fresh,eko fresh
get me the bands that are similar to james blunt,james blunt
get me the bands that are similar to that,that
get me the cross movement similar artists,the cross movement
get me the eighth similar artists,the eighth
get more artists like marlo,marlo
get more artists that sound similar,
get more artists that sound similar,
get more artists that sound similar,
get more bands like bullet for my valentine,bullet for my valentine
get more bands like fifth,fifth
get more bands like pantera,pantera
get more bands like sixth one,sixth one
get more bands like that musician,that musician
get related artists for evans blue,evans blue
get related artists for martina mcbride,martina mcbride
get related artists for max,max
get related artists for old skool r b masters,old skool r b masters
get some artists similar to all that remains,all that remains
get some artists similar to her,her
get some artists similar to jimmy cliff,jimmy cliff
get some artists similar to koffee brown,koffee brown
get some artists similar to meghan trainor,meghan trainor
get some artists similar to pradeep kumar,pradeep kumar
get some artists similar to the manhattans,the manhattans
get some artists similar to they,they
gimme another artist like dannii minogue,dannii minogue
gimme another artist like louis prima,louis prima
gimme another artist like nek,nek
gimme another artist like nerina pallot,nerina pallot
gimme another artist like trevor guthrie,trevor guthrie
gimme more artists like last one,last one
gimme more artists like some of that,some of that
gimme some artists like big k r i t,big k r i t
gimme some artists like disclosure sam smith,disclosure sam smith
gimme some artists like eighth one,eighth one
gimme some artists like firehouse,firehouse
gimme some artists like ivete sangalo,ivete sangalo
gimme some artists like kaptan,kaptan
gimme some artists like razorlight,razorlight
gimme some artists like seth lakeman,seth lakeman
gimme some artists like that,that
gimme some artists like third one,third one
gimme some artists like this,this
give artists that sound like george formby,george formby
give me another artist like conway twitty,conway twitty
give me another artist like fleur east,fleur east
give me another artist like marianne faithfull,marianne faithfull
give me another artist like second,second
give me another artist like sixth one,sixth one
give me another artist like the seventh,the seventh
give me another artist like the tenth,the tenth
give me more artists like band,band
give me more artists like dubstep,dubstep
give me more artists like first,first
give me more artists like hilltop hoods,hilltop hoods
give me more artists like juvenile,juvenile
give me more artists like vaults,vaults
give me more bands like dwight yoakam,dwight yoakam
give me more bands like kurt vile,kurt vile
give me singers that are like singer,singer
give me some artist similar to portishead,portishead
give me some artists like evelyn champagne king,evelyn champagne king
give me some artists like katherine jenkins,katherine jenkins
give me some artists like ninth one,ninth one
give me some artists like tenth,tenth
give me some artists like the fifth,the fifth
give me some artists like their,their
give me some artists related to betty wright,betty wright
give me some artists related to ice t,ice t
give me some artists related to it,it
give me some artists related to last one,last one
give me some artists related to shakatak,shakatak
give me some artists related to singer,singer
give me some artists related to that musician,that musician
give me some artists related to this artist,this artist
give me some more artists like 883,883
give me some more artists like band,band
give me some more artists like black uhuru,black uhuru
give me some more artists like he,he
give me some more artists like roger waters,roger waters
give me some more artists like that,that
give me some music by artists similar to thåström,thåström
give me some music from artists like artist one,artist
give me some music from artists like he one,he
give me some music from artists like jimmy barnes one,jimmy barnes
give me some music from artists like last one,last
give me some music from artists like paper lions one,paper lions
give some artists like dan croll,dan croll
give some artists like death,death
give some artists like dizzee rascal,dizzee rascal
give some artists like groove armada,groove armada
give some artists like maria callas,maria callas
give some artists like nick lachey,nick lachey
give some artists like that,that
give us artists similar to johnny depp,johnny depp
give us artists similar to the ninth,the ninth
give us artists similar to the sixth,the sixth
give us artists similar to will reagan united pursuit,will reagan united pursuit
help find some similar acts,
help find some similar acts,
help find some similar acts,
help me find artists similar to her,her
help me find artists similar to rune rudberg,rune rudberg
help me find artists similar to that band,that band
help me find artists similar to them,them
help me find artists similar to victorious cast,victorious cast
help me find similar artists,
help me find similar artists,
help me find some artists like blake neely,blake neely
help me find some artists like them,them
help me find some artists like this band,this band
i am interested in bands similar to bad brains,bad brains
i am interested in more artists like fourth one,fourth one
i am interested in more artists like last,last
i am interested in more artists like the call,the call
i am trying to find artists like basshunter,basshunter
i am trying to find artists like eighth one,eighth one
i am trying to find artists like gabe real,gabe real
i am trying to find artists like paula cole,paula cole
i am trying to find artists like spring,spring
i am trying to find artists like that performer,that performer
i am trying to find artists like the seventh,the seventh
i need more acts that are close to milli vanilli,milli vanilli
i need more acts that are close to super furry animals,super furry animals
i need more acts that are close to the seventh,the seventh
i need more bands that sound like that band,that band
i need more bands that sound like the white stripes,the white stripes
i wanna see more artists like aretha franklin,aretha franklin
i wanna see more artists like salman khan,salman khan
i want artists like christy moore,christy moore
i want artists like outlandish,outlandish
i want artists like ray conniff,ray conniff
i want artists like this band,this band
i want artists similar to baha men,baha men
i want artists similar to stephanie mills,stephanie mills
i want artists similar to wolf alice,wolf alice
i want bands like cutting crew,cutting crew
i want bands like louis armstrong,louis armstrong
i want bands like plan b reggaeton,plan b reggaeton
i want bands like secrets,secrets
i want bands like seventh one,seventh one
i want bands like tenth one,tenth one
i want bands like the second,the second
i want bands like this musician,this musician
i want bands like tove lo,tove lo
i want more acts like the second,the second
i want more acts like this musician,this musician
i want more artists like fifth one,fifth one
i want more artists like tenth one,tenth one
i want more artists like the second,the second
i want more bands like driicky graham,driicky graham
i want more bands like eighth,eighth
i want more bands like eighth one,eighth one
i want more bands like emma,emma
i want more bands like second,second
i want singers like band,band
i want singers like edward sharpe and the magnetic zeros,edward sharpe and the magnetic zeros
i want singers like him,him
i want singers like roger waters,roger waters
i want singers like that musician,that musician
i want singers like this performer,this performer
i want some artists similar to bizzy bone,bizzy bone
i want some artists similar to fyfe,fyfe
i want some artists similar to last,last
i want some artists similar to super furry animals,super furry animals
i want some artists similar to tedashii,tedashii
i want some bands like band,band
i want some bands like big l,big l
i want some bands like gardemusikken,gardemusikken
i want some bands like some of that,some of that
i want some bands like tenth one,tenth one
i want some bands similar to chimaira,chimaira
i want some bands similar to eric b rakim,eric b rakim
i want some bands similar to sixth,sixth
i want some bands similar to the cathedrals,the cathedrals
i want some other bands that sound similar to the fourth,the fourth
i want some other bands that sound similar to the sixth,the sixth
i want to find artists that are similar to bom gosto,bom gosto
i want to find artists that are similar to club dogo,club dogo
i want to find artists that are similar to fernandoz,fernandoz
i want to find artists that are similar to hector lavoe,hector lavoe
i want to find artists that are similar to jimmy buffett,jimmy buffett
i want to find artists that are similar to them,them
i want to find new artists like pavement,pavement
i want to know more artists like jason mraz,jason mraz
i want to see artists similar to before you exit,before you exit
i want to see artists similar to ben tankard,ben tankard
i want to see artists sounding like new found glory,new found glory
i want to see artists sounding like smokie,smokie
i want to see artists sounding like the essential,the essential
i want to see artists sounding like three 6 mafia,three 6 mafia
i want to see artists sounding like x-ray spex,x-ray spex
i want to see artists that are similar to arisa,arisa
i want to see artists that are similar to big daddy kane,big daddy kane
i want to see artists that are similar to patrice rushen,patrice rushen
i want to see artists that are similar to tenth one,tenth one
i want to see artists that are similar to that singer,that singer
i want to see artists that are similar to the gaslight anthem,the gaslight anthem
i want to see artists that are similar to this musician,this musician
i want to see artists that are similar to vickie winans,vickie winans
i want to see artists that are similar to warrant,warrant
i want to see more artists like fifth one,fifth one
i want to see more bands like black label society,black label society
i want to see more bands like her,her
i want to see more bands like his,his
i want to see more musicians like desmond dekker,desmond dekker
i want to see more musicians like lloyd cole and the commotions,lloyd cole and the commotions
i want to see more musicians like ludacris,ludacris
i want to see more musicians like richard armitage,richard armitage
i want to see more musicians like the fifth,the fifth
i want to see more musicians like them,them
i want to see some bands like classical chillout,classical chillout
i want to see some bands like dead letter circus,dead letter circus
i want to see some bands like j dilla aka jay dee,j dilla aka jay dee
i want to see some bands like sixth one,sixth one
i want to see some bands like this artist,this artist
i'd like to look for artists like band,band
i'm interested in artists like cc cowboys,cc cowboys
i'm interested in artists like jet harris,jet harris
i'm interested in artists like lady saw,lady saw
i'm interested in artists like yo preston featuring kelly kiara,yo preston featuring kelly kiara
i'm interested in artists that are like cross canadian ragweed,cross canadian ragweed
i'm interested in bands like axwell ingrosso,axwell ingrosso
i'm interested in bands like current singer,current singer
i'm interested in bands like jimmy page,jimmy page
i'm interested in bands like joe stone,joe stone
i'm interested in bands like mother mother,mother mother
i'm interested in bands like nightcore,nightcore
i'm interested in bands like patsy cline,patsy cline
i'm interested in bands like she,she
i'm interested in bands like the dirty youth,the dirty youth
i'm interested in singers like ninth one,ninth one
i'm interested in singers like the first,the first
i'm interested in singers like the temper trap,the temper trap
i'm interested in singers like this,this
i'm looking for acts like niykee heaton,niykee heaton
i'm looking for acts like the fourth,the fourth
i'm looking for acts like the third,the third
i'm looking for acts like the unthanks,the unthanks
i'm searching for artists like barnas supershow,barnas supershow
i'm searching for artists like e-type,e-type
i'm searching for artists like elbow,elbow
i'm searching for artists like his,his
i'm searching for artists like the last,the last
i'm searching for other artists like this musician,this musician
identify some artists like current singer,current singer
identify some artists like dan shay,dan shay
identify some artists like jonas blue,jonas blue
identify some artists like paul kelly,paul kelly
know any artists like he is we,he is we
know any artists like last one,last one
know anyone that sounds like anoushka shankar,anoushka shankar
know anyone that sounds like that performer,that performer
know of any artists similar to mario biondi,mario biondi
know of any artists similar to rihanna kanye west paul mccartney,rihanna kanye west paul mccartney
know of any artists similar to xscape,xscape
know of any bands similar to club des belugas,club des belugas
know of any bands similar to ninth,ninth
know of any bands similar to sixth one,sixth one
look for acts that sound like beegie adair,beegie adair
look for acts that sound like dawn penn,dawn penn
look for acts that sound like keane,keane
look for acts that sound like survivor,survivor
look for acts that sound like the undertones,the undertones
look for acts that sound like zélia duncan,zélia duncan
look for artists that sound like al di meola,al di meola
look for artists that sound like first one,first one
look for artists that sound like hanne krogh,hanne krogh
look for artists that sound like jimmy barnes,jimmy barnes
look for artists that sound like pandora,pandora
look for artists that sound like riff raff,riff raff
look for artists that sound like teddy pendergrass,teddy pendergrass
look for artists that sound like tenth one,tenth one
look for bands that sound like adriana varela,adriana varela
look for bands that sound like johnny preston,johnny preston
look up artists like d j mash up,d j mash up
look up artists like mf doom,mf doom
look up artists like sixth,sixth
look up artists like the pierces,the pierces
look up artists like their,their
look up artists simiar to bizzle,bizzle
look up artists simiar to family force 5 tedashii,family force 5 tedashii
look up artists simiar to popa chubby,popa chubby
look up artists simiar to singer,singer
look up artists simiar to steven tyler,steven tyler
look up artists simiar to the original movies orchestra,the original movies orchestra
look up artists simiar to third,third
look up bands similar to cafe del mar,cafe del mar
look up bands similar to liza minnelli,liza minnelli
look up bands similar to the cruel sea,the cruel sea
look up related artists for eighth,eighth
look up related artists for finch,finch
look up related artists for last one,last one
look up related artists for m nasir,m nasir
look up related artists for mali music,mali music
look up related artists for rob bailey the hustle standard,rob bailey the hustle standard
look up related artists for seventh,seventh
look up related artists for the second,the second
look up related artists for the third,the third
look up related artists for toots the maytals,toots the maytals
look up related artists for tory lanez,tory lanez
look up similar bands,
look up similar bands,
look up similar bands,
look up similar bands,
look up similar bands,
name a few artists that sound like cdm project,cdm project
name a few artists that sound like fourth one,fourth one
name a few artists that sound like the second,the second
name an artist like seventh,seventh
name an artist like the sixth,the sixth
name an artist similar to k i z,k i z
name an artist similar to los temerarios,los temerarios
name an artist similar to second one,second one
name an artist that is similar to fourth,fourth
name an artist that is similar to fourth,fourth
name an artist that is similar to stray cats,stray cats
name artists like first,first
name artists like gustavo santaolalla,gustavo santaolalla
name artists like second one,second one
name artists like their,their
name artists that are similar to flo rida,flo rida
name artists that are similar to machine head,machine head
name artists that are similar to merle haggard,merle haggard
name other artists like the last,the last
name singers like kierra sheard,kierra sheard
name singers like wet,wet
name singers that are like him,him
name singers that are like this musician,this musician
name some acts like azealia banks,azealia banks
name some acts like blackfoot,blackfoot
name some acts like ed harcourt,ed harcourt
name some acts like first,first
name some acts like lisa lisa cult jam,lisa lisa cult jam
name some acts like tenth one,tenth one
name some acts like the first,the first
name some acts like the stylistics,the stylistics
name some artists like rilo kiley,rilo kiley
name some artists similar to marea,marea
name some artists similar to third one,third one
name some artists similar to this artist,this artist
name some artists similar to westernhagen,westernhagen
name some singers like britney spears,britney spears
name some singers like delphic,delphic
name some singers like shy glizzy,shy glizzy
name some singers like that,that
name some singers like wilkinson,wilkinson
name the artists that are like audra mae the forest rangers,audra mae the forest rangers
name the artists that are like seventh,seventh
name the artists that are like that musician,that musician
name the artists that are like that performer,that performer
please find artists like surface,surface
please find artists like that musician,that musician
please find artists like toyah,toyah
please find artists similar to debbie harry,debbie harry
please find artists similar to fourth one,fourth one
please find artists similar to jewel,jewel
please find artists similar to some of that,some of that
please show music similar to bleachers,bleachers
please show music similar to jovanotti,jovanotti
please show music similar to kevin lyttle,kevin lyttle
please show music similar to the seventh,the seventh
please tell me some artists similar to anita ward,anita ward
please tell me some artists similar to cannonball adderley,cannonball adderley
please tell me some artists similar to that,that
please tell me some artists similar to the first,the first
pull up some artists like artist,artist
pull up some artists like cloud nothings,cloud nothings
pull up some artists like dimitri vegas like mike vs ummet ozcan,dimitri vegas like mike vs ummet ozcan
pull up some artists like elbow,elbow
pull up some artists like julian cope,julian cope
pull up some artists like swedish house mafia,swedish house mafia
pull up some artists like the second,the second
pull up some similar artists,
recommend artists like ina müller,ina müller
recommend artists like jls,jls
recommend artists like simon garfunkel,simon garfunkel
recommend artists like the tenth,the tenth
recommend come artists like blancmange,blancmange
recommend me artists like katharine mcphee,katharine mcphee
recommend me artists like seventh,seventh
recommend me artists like trinidad james,trinidad james
recommend music similar to edwyn collins,edwyn collins
recommend music similar to perry como,perry como
recommend music similar to that singer,that singer
recommend music similar to the eighth,the eighth
recommend some artists like behemoth,behemoth
recommend some artists like machel montano,machel montano
recommend some artists like natalia kills,natalia kills
recommend some artists like relax,relax
recommend some artists like the fifth,the fifth
search artists like mercury rev,mercury rev
search artists like showtek feat we are loud sonny wilson,showtek feat we are loud sonny wilson
search artists like singer,singer
search bands like bobby rydell,bobby rydell
search bands like that,that
search bands like the seventh,the seventh
search bands like westlife,westlife
search first one similar artists,first one
search for artists like 311,311
search for artists like bosse,bosse
search for artists like karaoke diamonds,karaoke diamonds
search for artists like lucy pearl,lucy pearl
search for artists similar to ahmad jamal,ahmad jamal
search for artists similar to hatebreed,hatebreed
search for artists similar to ingemars,ingemars
search for artists similar to joachim pastor,joachim pastor
search for artists similar to seventh,seventh
search for artists similar to seventh one,seventh one
search for artists similar to the meters,the meters
search for bands like hari om sharan,hari om sharan
search for bands like him,him
search for bands like ying yang twins,ying yang twins
search for divas similar to eefje de visser,eefje de visser
search for divas similar to seventh one,seventh one
search for divas similar to the last,the last
search for some artists similar to dan le sac vs scroobius pip,dan le sac vs scroobius pip
search for some artists similar to jay z rick ross,jay z rick ross
search for some artists similar to jedi mind tricks,jedi mind tricks
search for some artists similar to ninth one,ninth one
search for some artists similar to the fourth,the fourth
search helios similar artists,helios
search lara fabian similar artists,lara fabian
search similar artists to fun,fun
search similar artists to robbie williams,robbie williams
search tenth similar artists,tenth
show acts similar to big k r i t,big k r i t
show acts similar to his,his
show acts similar to sixth,sixth
show acts that are like 7eventh time down,7eventh time down
show acts that are related to nordre sving,nordre sving
show acts that are related to sammie,sammie
show acts that are related to tenth one,tenth one
show acts that are related to that performer,that performer
show another rapper like her,her
show another rapper like mr big,mr big
show another rapper like the second,the second
show another rapper like yeasayer,yeasayer
show another singer like artist,artist
show another singer like collin raye,collin raye
show another singer like her,her
show another singer like john travolta,john travolta
show another singer like morning parade,morning parade
show another singer like the last,the last
show artist related acts,artist
show artists like first one,first one
show artists like sixth one,sixth one
show artists like that musician,that musician
show artists similar to anathema,anathema
show artists similar to cam'ron,cam'ron
show artists similar to ninth one,ninth one
show artists that are most like sixth,sixth
show artists that are similar to fourth,fourth
show artists that are similar to lincoln brewster,lincoln brewster
show artists that are similar to the sixth,the sixth
show artists that sound like artist,artist
show artists that sound like it s a cover up,it s a cover up
show artists that sound like that,that
show artists very similar to fourth,fourth
show artists very similar to king curtis,king curtis
show artists very similar to seventh one,seventh one
show artists very similar to t a t u,t a t u
show artists very similar to the fourth,the fourth
show artists who are like ali campbell,ali campbell
show artists who are like charles jenkins fellowship chicago canton jones da truth isaac carree jessica reedy,charles jenkins fellowship chicago canton jones da truth isaac carree jessica reedy
show artists who are like that band,that band
show artists who are like the wedding present,the wedding present
show band that is similar to dj ötzi,dj ötzi
show band that is similar to he,he
show band that is similar to léon,léon
show band that is similar to malika ayane,malika ayane
show band that is similar to the sixth,the sixth
show bands like eric prydz,eric prydz
show bands like gloria gaynor,gloria gaynor
show bands like l e j,l e j
show bands like paulette,paulette
show bands like the sixth,the sixth
show bands like the third,the third
show bands like third one,third one
show bands related to harold faltermeyer,harold faltermeyer
show bands related to james newton howard,james newton howard
show bands related to some of that,some of that
show bands related to tha dogg pound,tha dogg pound
show bands related to they,they
show bands related to travis porter,travis porter
show bands similar to fourth,fourth
show bands similar to indian ocean,indian ocean
show bands similar to rev theory,rev theory
show bands similar to s'express,s'express
show bands similar to technimatic,technimatic
show bands similar to that performer,that performer
show bands similar to the floozies,the floozies
show bands similar to them,them
show bands that are similar to fifth one,fifth one
show bands that are similar to kasabian,kasabian
show bands that are similar to last,last
show bands that are similar to spinners,spinners
show bands that are similar to the orchestra,the orchestra
show bands that are similar to tobymac,tobymac
show country acts like bella thorne,bella thorne
show country acts like boney james,boney james
show country acts like robert earl keen,robert earl keen
show ester dean related acts,ester dean
show fifth s similar artists,fifth
show fragma related acts,fragma
show iconic singers similar to atreyu,atreyu
show iconic singers similar to walter hawkins,walter hawkins
show jesus jones related acts,jesus jones
show joe and jake related acts,joe and jake
show me acts similar to macklemore,macklemore
show me acts similar to second one,second one
show me acts similar to the dave clark five,the dave clark five
show me acts similar to third one,third one
show me an act that s like mk,mk
show me an act that s like sixth one,sixth one
show me an act that s like vivian green,vivian green
show me another artist like abc,abc
show me another artist like datuk sharifah aini,datuk sharifah aini
show me another artist like ween,ween
show me artists like akala,akala
show me artists like angela lansbury,angela lansbury
show me artists like eighth one,eighth one
show me artists like gerald albright,gerald albright
show me artists like his,his
show me artists like juvenile,juvenile
show me artists like seventh,seventh
show me artists like singer,singer
show me artists like sixth,sixth
show me artists like thalia,thalia
show me artists related to clay walker,clay walker
show me artists related to elle king,elle king
show me artists related to locash,locash
show me artists related to lz7,lz7
show me artists that are a lot like ask embla,ask embla
show me artists that are a lot like cheat codes x kris kross amsterdam,cheat codes x kris kross amsterdam
show me artists that are a lot like current singer,current singer
show me artists that are a lot like greatest christmas songs and 1 favourite christmas music for kids,greatest christmas songs and 1 favourite christmas music for kids
show me artists that are a lot like the glitch mob,the glitch mob
show me artists that are a lot like this,this
show me artists that are a lot like todd terje,todd terje
show me bands similar to chief keef lil reese,chief keef lil reese
show me bands similar to he,he
show me bands similar to joan baez,joan baez
show me bands similar to the sixth,the sixth
show me bands that are like christy nockels,christy nockels
show me bands that are like engelbert humperdinck,engelbert humperdinck
show me bands that are like ivete sangalo,ivete sangalo
show me bands that are like ninth one,ninth one
show me bands that are like the virginmarys,the virginmarys
show me more like black mountain,black mountain
show me related artists for dionne warwick,dionne warwick
show me related artists for pilot,pilot
show me related artists for second one,second one
show me related artists for the sixth,the sixth
show me similar artists to band,band
show me similar artists to carlos santana,carlos santana
show me similar artists to fifth,fifth
show me similar artists to grégory lemarchal,grégory lemarchal
show me similar artists to she,she
show me some artists similar to bonnie tyler,bonnie tyler
show me some artists similar to last,last
show me some artists similar to mills brothers,mills brothers
show me some artists similar to nico,nico
show me some artists similar to that,that
show me some artists similar to the fifth,the fifth
show me some artists similar to topmodelz,topmodelz
show me the clientele s similar artists,the clientele
show michael giacchino s similar artists,michael giacchino
show more artists like joan regan,joan regan
show musicians that are like fourth,fourth
show musicians that are like nick phoenix two steps from hell,nick phoenix two steps from hell
show musicians that are like sidney samson,sidney samson
show musicians that are like some of that,some of that
show musicians that are like vassendgutane,vassendgutane
show rappers most like bobby helms,bobby helms
show rappers most like confederate railroad,confederate railroad
show rappers most like ninth one,ninth one
show rappers most like ninth one,ninth one
show rappers most like ninth one,ninth one
show rappers most like the ultimate beatles cover band,the ultimate beatles cover band
show rappers most like them,them
show rappers most like ulf lundell,ulf lundell
show rappers similar to her,her
show rappers similar to last,last
show rappers similar to that musician,that musician
show schiller s similar artists,schiller
show similar artists to delta rae,delta rae
show similar artists to fifth one,fifth one
show similar artists to julio bashmore,julio bashmore
show similar artists to last,last
show similar artists to lilly wood the prick,lilly wood the prick
show similar artists to los del rio,los del rio
show similar artists to she,she
show similar artists to singer,singer
show similar artists to that artist,that artist
show similar artists to that singer,that singer
show similar artists to the 1975,the 1975
show similar artists to the tenth,the tenth
show singer related acts,singer
show some bands that are closest to gordon lightfoot,gordon lightfoot
show some bands that are closest to sixth one,sixth one
show some bands that are closest to the king s singers,the king s singers
show some bands that are closest to the summer set,the summer set
show some more artists like fourth one,fourth one
show some more artists like ninth,ninth
show some more artists like the seventh,the seventh
show some more bands like moloko,moloko
show some more like last one,last one
show some more like shannon noll,shannon noll
show some more like their,their
show some singers similar to current singer,current singer
show some singers similar to selena y los dinos,selena y los dinos
show some singers similar to that band,that band
show that performer related acts,that performer
show the crystals related acts,the crystals
show the eighth related acts,the eighth
show the prototypes s similar artists,the prototypes
show these kids wear crowns s similar artists,these kids wear crowns
show yolanda adams related acts,yolanda adams
tell me a few artists like crossfade,crossfade
tell me a few artists like jon bellion,jon bellion
tell me a few artists like last,last
tell me a few artists like lucy spraggan,lucy spraggan
tell me a few artists like matt simons,matt simons
tell me a few artists like tarrus riley,tarrus riley
tell me a few artists like their,their
tell me artists similar to asa de águia,asa de águia
tell me artists similar to band,band
tell me artists similar to dead or alive,dead or alive
tell me artists similar to first,first
tell me artists similar to laleh,laleh
tell me artists similar to last one,last one
tell me artists similar to miranda lambert,miranda lambert
tell me artists similar to robert miles,robert miles
tell me artists similar to sissel,sissel
tell me artists similar to space,space
tell me artists similar to spirit,spirit
tell me artists similar to the third,the third
tell me artists similar to wstrn,wstrn
tell me artists that are similiar to todd dulaney,todd dulaney
tell me other rappers like artist,artist
tell me other rappers like asta,asta
tell me other rappers like boston symphony orchestra,boston symphony orchestra
tell me other rappers like camila,camila
tell me other rappers like the tenth,the tenth
tell me other rappers like this performer,this performer
tell me similar acts,
tell me similar acts,
tell me similar acts,
tell me some artists similar to seventh one,seventh one
tell me some artists that sound like fliptrix,fliptrix
tell me some artists that sound like him,him
tell me some artists that sound like second one,second one
tell me some artists that sound like second one,second one
tell me some artists that sound like she,she
tell me some artists that sound like the fifth,the fifth
tell me some artists that sound like the fourth,the fourth
tell me some artists that sound like this performer,this performer
tell me some rappers like babyshambles,babyshambles
tell me some rappers like boy,boy
tell me some rappers like dave edmunds,dave edmunds
tell me some rappers like hard kaur,hard kaur
tell me some rappers like led zeppelin,led zeppelin
tell me some rappers like lil wayne,lil wayne
tell me some rappers like second,second
tell me some rappers like sixth one,sixth one
tell me some rappers like the rolling stones,the rolling stones
tell me some rappers like william bell,william bell
tell me some similar acts,
tell me some similar acts,
tell me some similar acts,
tell me some similar acts,
tell me some similar acts,
tell me some similar artists,
tell me someone who sound like current singer,current singer
tell me someone who sound like kristian stanfill,kristian stanfill
tell me someone who sound like the eighth,the eighth
tell me someone who sound like warner newman,warner newman
tell me the artists related to paul oakenfold,paul oakenfold
tell me the artists related to the second,the second
tell me which rappers sound like delirious,delirious
tell me which rappers sound like jay chou,jay chou
tell me which rappers sound like the fifth,the fifth
tell me who are artists similar to artist,artist
tell me who are artists similar to kalley heiligenthal,kalley heiligenthal
tell me who are artists similar to maria arredondo,maria arredondo
tell me who are artists similar to matt cardle,matt cardle
tell me who are artists similar to ninth one,ninth one
tell me who are artists similar to vashawn mitchell,vashawn mitchell
tell me who are some similar bands,
tell me who s like soundtrack,soundtrack
tell me who s like superchick,superchick
tell me who s like the seventh,the seventh
tell me who s like thorbjørn egner,thorbjørn egner
trying to find artists like architecture in helsinki,architecture in helsinki
trying to find artists like ben rector,ben rector
trying to find artists like it,it
trying to find artists like jean ferrat,jean ferrat
trying to find artists like last one,last one
trying to find artists like maurizio pollini,maurizio pollini
trying to find artists like mis-teeq,mis-teeq
trying to find artists like pet shop boys,pet shop boys
trying to find artists like play school,play school
trying to find artists like second,second
trying to look up artists like coal chamber,coal chamber
trying to look up artists like grits,grits
trying to look up artists like the last,the last
trying to look up artists like they,they
what acts are associated with marisela,marisela
what acts are associated with second one,second one
what acts are like tenth,tenth
what acts are very similar to band,band
what acts are very similar to jon foreman,jon foreman
what acts are very similar to the eighth,the eighth
what acts are very similar to them,them
what acts are very similar to third,third
what acts are very similar to tito el bambino,tito el bambino
what are acts similar to eric paslay,eric paslay
what are acts similar to ninth one,ninth one
what are acts similar to ninth one,ninth one
what are acts similar to that performer,that performer
what are acts similar to third,third
what are artists like first,first
what are artists like jewel,jewel
what are artists like lil scrappy,lil scrappy
what are artists like milk bone,milk bone
what are artists like ninth,ninth
what are artists like the seventh,the seventh
what are artists like the seventh,the seventh
what are artists like tim timmons,tim timmons
what are artists similar to amir,amir
what are artists similar to b b king,b b king
what are artists similar to ernest tubb,ernest tubb
what are artists similar to eva cassidy,eva cassidy
what are artists similar to harry j allstars,harry j allstars
what are artists similar to haste the day,haste the day
what are artists similar to lake street dive,lake street dive
what are artists similar to the first,the first
what are artists similar to the twilight sad,the twilight sad
what are artists similar to they,they
what are artists similar to this musician,this musician
what are artists similar to zain bhikha,zain bhikha
what are some artist similar to christer sjögren,christer sjögren
what are some artist similar to of monsters and men,of monsters and men
what are some artist similar to second one,second one
what are some artist similar to seventh,seventh
what are some artist similar to the libertines,the libertines
what are some artists akin to b2k,b2k
what are some artists akin to he,he
what are some artists akin to pat green,pat green
what are some artists akin to the fourth,the fourth
what are some artists akin to this musician,this musician
what are some artists akin to ultimate pop hits,ultimate pop hits
what are some bands similar to artist,artist
what are some bands similar to fifth one,fifth one
what are some bands similar to four year strong,four year strong
what are some bands similar to johnny clegg,johnny clegg
what are some bands similar to mary j blige,mary j blige
what are some bands similar to powerwolf,powerwolf
what are some bands similar to their,their
what are some bands similar to third one,third one
what are some musicians like fourth one,fourth one
what are some similar artists,
what are some similar artists,
what are some similar artists,
what are some similar artists,
what are some similar artists,
what are some similar artists,
what are some similar artists,
what are some similar artists,
what are some similar bands,
what are some similar bands,
what are some similar bands,
what are some similar bands,
what are some similar bands,
what are some similar bands,
what are the artists that are similar to alex party,alex party
what are the artists that are similar to dragonette,dragonette
what are the artists that are similar to joe and jake,joe and jake
what are the artists that are similar to klaus badelt,klaus badelt
what are the artists that are similar to nashville cast lennon maisy,nashville cast lennon maisy
what are the artists that are similar to slick rick,slick rick
what are the artists that are similar to the tenth,the tenth
what are the artists that are similar to third one,third one
what are the artists that are similar to this band,this band
what are the artists that are similar to woodkid,woodkid
what are the bands similar to current singer,current singer
what are the bands similar to dawin,dawin
what are the bands similar to family force 5 tedashii,family force 5 tedashii
what are the bands similar to secondcity,secondcity
what are the bands similar to the third,the third
what are the bands similar to tristam,tristam
what artists are comparable to armand van helden,armand van helden
what artists are comparable to blackfoot,blackfoot
what artists are comparable to corona,corona
what artists are comparable to felix jaehn,felix jaehn
what artists are comparable to fifth one,fifth one
what artists are comparable to gene watson,gene watson
what artists are comparable to hadouken,hadouken
what artists are comparable to hello,hello
what artists are comparable to juan magan,juan magan
what artists are comparable to king s college choir cambridge,king s college choir cambridge
what artists are comparable to kitty wells,kitty wells
what artists are comparable to last,last
what artists are comparable to lesley gore,lesley gore
what artists are comparable to los plebes del rancho de ariel camacho,los plebes del rancho de ariel camacho
what artists are comparable to renée fleming,renée fleming
what artists are comparable to sixth one,sixth one
what artists are comparable to skip the use,skip the use
what artists are comparable to the fifth,the fifth
what artists are comparable to the internet,the internet
what artists are comparable to the third,the third
what artists are comparable to third,third
what artists are comparable to this performer,this performer
what artists are comparable to todd terry,todd terry
what artists are comparable to too short,too short
what artists are like eighth one,eighth one
what artists are like fourth,fourth
what artists make music like current singer,current singer
what artists make music like dj kee,dj kee
what artists make music like tenth,tenth
what artists make music like the sixth,the sixth
what artists make music like william fitzsimmons,william fitzsimmons
what bands are like big time rush,big time rush
what bands are like crookers,crookers
what bands are like ninth,ninth
what bands are like sixth one,sixth one
what bands are like that,that
what bands are like the seventh,the seventh
what bands are like the tenth,the tenth
what bands are like the trammps,the trammps
what bands are like them,them
what bands are like this artist,this artist
what bands are similar to chart hits allstars,chart hits allstars
what bands are similar to his,his
what bands are somewhat similar to jamie xx feat romy,jamie xx feat romy
what bands are somewhat similar to tenth,tenth
what bands are somewhat similar to this performer,this performer
what bands are very similar to beanie sigel,beanie sigel
what bands are very similar to bobbie gentry,bobbie gentry
what bands are very similar to club des belugas,club des belugas
what bands are very similar to tito el bambino,tito el bambino
what bands were very similar to the trammps,the trammps
what musicians are like fourth,fourth
what musicians are like some of that,some of that
what musicians are like the rippingtons,the rippingtons
what musicians are like the sixth,the sixth
what musicians are like third,third
what musicians are like this artist,this artist
what other acts are like freda payne,freda payne
what other acts are like last one,last one
what other acts are like second one,second one
what other acts are like skindred,skindred
what other acts are like t a t u,t a t u
what other acts are like the kiboomers,the kiboomers
what other artists are similar to fifth,fifth
what other artists are similar to jibbs,jibbs
what other artists are similar to loggins messina,loggins messina
what other artists are similar to nancy sinatra and lee hazlewood,nancy sinatra and lee hazlewood
what other artists are similar to the beat,the beat
what other artists are similar to the first,the first
what other artists are similar to this,this
what other artists sound anita wilson way,anita wilson
what other artists sound bronco way,bronco
what other artists sound julien doré way,julien doré
what other artists sound like artist,artist
what other artists sound like bag raiders,bag raiders
what other artists sound like delirious,delirious
what other artists sound like fightstar,fightstar
what other artists sound like he,he
what other artists sound like lou bega,lou bega
what other artists sound like mickey gilley,mickey gilley
what other artists sound like sixth one,sixth one
what other artists sound like tenth one,tenth one
what other artists sound like the dirty youth,the dirty youth
what other artists sound ricardo montaner way,ricardo montaner
what other artists sound the manhattans way,the manhattans
what other artists sound third way,third
what other artists sound wax tailor way,wax tailor
what other bands are similar,
what other bands are similar,
what other bands sound kind of like busta rhymes,busta rhymes
what other bands sound kind of like clare dunn,clare dunn
what other bands sound kind of like kastelruther spatzen,kastelruther spatzen
what other bands sound kind of like nicole kidman,nicole kidman
what other bands sound kind of like p diddy,p diddy
what other bands sound kind of like tracy byrd,tracy byrd
what other bands sound kind of like udo lindenberg,udo lindenberg
what other bands sound like esperanza spalding,esperanza spalding
what other bands sound like last one,last one
what other bands sound like patty loveless,patty loveless
what other bands sound like saosin,saosin
what other bands sound like symphonieorchester des bayerischen rundfunks,symphonieorchester des bayerischen rundfunks
what other bands sound like the third,the third
what other bands sound like tonic,tonic
what other musicians are like christy moore,christy moore
what other musicians are like jason weaver,jason weaver
what other musicians are like la dispute,la dispute
what other musicians are like lenny kravitz,lenny kravitz
what other musicians are like that singer,that singer
what other rappers are like she,she
what other rappers sound like against me,against me
what other rappers sound like eighth one,eighth one
what other rappers sound like first one,first one
what other rappers sound like susanne sundfør,susanne sundfør
what other rappers sound like the tenth,the tenth
what other rappers sound like ultra naté,ultra naté
what rappers similar to seventh,seventh
what rappers similar to tenth,tenth
what rappers similar to the jacka,the jacka
what s some artists like gasolin,gasolin
what s some artists like her,her
what s some artists like phil coulter,phil coulter
what s some artists like sixth one,sixth one
what s some artists similar to david phelps,david phelps
what s some artists similar to dj kee,dj kee
what s some artists similar to ian brown,ian brown
what s some artists similar to lisa miskovsky,lisa miskovsky
what s some artists similar to ninth one,ninth one
what s some artists similar to seventh one,seventh one
what s some artists similar to they,they
what s some artists similar to this performer,this performer
what s some bands like lee kernaghan,lee kernaghan
what s some bands like monica,monica
what s some bands like rosemary clooney,rosemary clooney
what s some bands like sounds good,sounds good
what s some bands like third,third
what similar artists are there,
what similar artists are there,
what similar artists are there,
what similar artists are there,
what similar artists are there,
what singers are like declan mckenna,declan mckenna
what singers are like first,first
what singers are like milk inc,milk inc
what singers are like teenage fanclub,teenage fanclub
what singers are like tenth,tenth
what singers are like the seventh,the seventh
what singers are like the seventh,the seventh
what singers are like vickie winans,vickie winans
what singers are like young money,young money
what singers sound like brian tyler,brian tyler
what singers sound like it,it
what singers sound like them,them
what were artists similar to basement jaxx,basement jaxx
what were artists similar to flying lotus,flying lotus
what were artists similar to free,free
what were artists similar to johnny nash,johnny nash
what were artists similar to last one,last one
what were artists similar to some of that,some of that
what were artists similar to this band,this band
what were other singers like carole king,carole king
what were other singers like family force 5,family force 5
what were other singers like ingemars,ingemars
what were other singers like phyllis nelson,phyllis nelson
what were other singers like reverend and the makers,reverend and the makers
what were other singers like their,their
what were other singers like this artist,this artist
what were some acts like regine velasquez,regine velasquez
what were some acts like second,second
what were some acts like that singer,that singer
what were some acts like the fourth,the fourth
what were some acts related to andrew mcmahon in the wilderness,andrew mcmahon in the wilderness
what were some acts related to bob b soxx and the blue jeans,bob b soxx and the blue jeans
what were some acts related to donny osmond,donny osmond
what were some acts related to fairground attraction,fairground attraction
what were some acts related to fifth,fifth
what were some acts related to it,it
what were some acts related to last,last
what were some acts related to second one,second one
what were some acts related to tenth,tenth
what were some acts related to the first,the first
what were some acts who were similar to diplo,diplo
what were some acts who were similar to him,him
what were some acts who were similar to it,it
what were some acts who were similar to john farnham,john farnham
what were some acts who were similar to last one,last one
what were some acts who were similar to secrets,secrets
what were some acts who were similar to seventh,seventh
what were some acts who were similar to sponge,sponge
what were some acts who were similar to the first,the first
what were some artists like digital farm animals,digital farm animals
what were some artists like tenth,tenth
what were some bands like canton jones,canton jones
what were some bands like he,he
what were some bands like lcd soundsystem,lcd soundsystem
what were some of the bands like anu malik,anu malik
what were some of the bands like blasterjaxx,blasterjaxx
what were some of the bands like joaquin sabina,joaquin sabina
what were some of the bands like john coltrane,john coltrane
what were some of the bands like nitin sawhney,nitin sawhney
what were some of the bands like roisin murphy,roisin murphy
what were some of the bands like the sixth,the sixth
what were some of the bands like third,third
what were some of the bands like youngbloodz,youngbloodz
what were some other singers like flume chet faker,flume chet faker
what were some other singers like his,his
what were some other singers like his,his
what were some other singers like seventh,seventh
what were some other singers like the oh hellos,the oh hellos
what were some other singers like they,they
what were some other singers like this,this
what were some similar artists to all time low,all time low
what were some similar artists to tal bachman,tal bachman
what were some similar artists to tenth one,tenth one
what were the bands similar to halloween scary sounds,halloween scary sounds
what were the bands similar to kristin langsrud,kristin langsrud
what were the bands similar to mr big,mr big
what were the bands similar to some of that,some of that
what were the bands similar to southside johnny the asbury jukes,southside johnny the asbury jukes
what were the bands similar to that band,that band
what were the bands similar to this,this
which acts sound close to they,they
which acts sound close to vestlandsfanden,vestlandsfanden
which artists are like current singer,current singer
which artists are like this performer,this performer
which artists are similar to bob seger,bob seger
which artists are similar to don diablo,don diablo
which band is like blasterjaxx,blasterjaxx
which band is like drake majid jordan,drake majid jordan
which band is like first one,first one
which band is like peace,peace
which band is like second one,second one
which band is like that artist,that artist
which band is like the-dream,the-dream
which bands are close to groove coverage,groove coverage
which bands are close to lisa miskovsky,lisa miskovsky
which bands are very similar to 90 s groove masters,90 s groove masters
which bands are very similar to fountains of wayne,fountains of wayne
which bands are very similar to gillan,gillan
which bands are very similar to lighthouse family,lighthouse family
which bands are very similar to masters of rock,masters of rock
which bands are very similar to new politics,new politics
which bands are very similar to ninth one,ninth one
which bands are very similar to pesado,pesado
which bands are very similar to that band,that band
which bands are very similar to that singer,that singer
which bands sound like five,five
which musicians sound like 116,116
which musicians sound like fourth,fourth
which musicians sound like kaizers orchestra,kaizers orchestra
which musicians sound like magic,magic
which musicians sound like rodriguez,rodriguez
which musicians sound like sugar ray,sugar ray
which musicians sound like tenth one,tenth one
which musicians sound like the cardigans,the cardigans
which musicians sound like this,this
which musicians sound like winger,winger
which other artists are like eighth,eighth
which other artists are like jean leloup,jean leloup
which other artists are like the paper kites,the paper kites
which other bands are like last,last
which other bands are like little boots,little boots
which other bands are like third one,third one
which other bands are like totally enormous extinct dinosaurs,totally enormous extinct dinosaurs
which singers sound like andrew lloyd webber,andrew lloyd webber
which singers sound like him,him
which singers sound like last,last
which singers sound like the first,the first
who are acts that sound like joe diffie,joe diffie
who are acts that sound like zakk wylde,zakk wylde
who are artists like his,his
who are artists like maddie tae,maddie tae
who are artists like roxy music,roxy music
who are artists like second one,second one
who are artists like the cranberries,the cranberries
who are artists like the sixth,the sixth
who are artists like them,them
who are artists similar to eighth one,eighth one
who are artists similar to keith kristyn getty,keith kristyn getty
who are artists similar to that performer,that performer
who are artists similar to they,they
who are artists that are similar to alter bridge,alter bridge
who are artists that are similar to children of bodom,children of bodom
who are artists that are similar to donovan,donovan
who are artists that are similar to fred åkerström,fred åkerström
who are artists that are similar to second one,second one
who are artists that are similar to them,them
who are artists that are similar to this artist,this artist
who are bands like emily king,emily king
who are bands like fourth,fourth
who are bands like nipsey hussle,nipsey hussle
who are bands like singer,singer
who are bands like the tenth,the tenth
who are bands like this band,this band
who are more artists like count basie,count basie
who are more artists like i killed the prom queen,i killed the prom queen
who are rappers like boney james,boney james
who are rappers like matthew koma,matthew koma
who are rappers like rednex,rednex
who are related artists,
who are related artists,
who are related artists,
who are related artists,
who are related artists,
who are related artists for los campesinos,los campesinos
who are similar artists,
who are similar artists,
who are some acts like chantal kreviazuk,chantal kreviazuk
who are some acts like project pat,project pat
who are some acts like the monroes,the monroes
who are some acts like the second,the second
who are some acts like this musician,this musician
who are some artists similar to buried in verona,buried in verona
who are some artists similar to sky ferreira,sky ferreira
who are some artists similar to the last,the last
who are some similar acts,
who are some similar artists,
who are some similar artists,
who are some similar artists,
who are some similar artists,
who are the artists associated with joseph arthur,joseph arthur
who are the artists associated with n o r e,n o r e
who are the related artists of pharrell,pharrell
who are the related artists of phil coulter,phil coulter
who are the related artists of v i c,v i c
who are the similar artists,
who are the similar artists,
who are the similar artists,
who do you know that s similar to eddie kendricks,eddie kendricks
who do you know that s similar to studio allstars,studio allstars
who do you think is similar to case,case
who do you think sounds like fourth one,fourth one
who do you think sounds like frank ocean,frank ocean
who do you think sounds like micky modelle,micky modelle
who else does craig david sound like,craig david
who else does fourth sound like,fourth
who else does mahendra kapoor sound like,mahendra kapoor
who else does tenth one sound like,tenth one
who else feels like artist band,artist
who else feels like eighth band,eighth
who else feels like harry j allstars band,harry j allstars
who else feels like jon lajoie band,jon lajoie
who else feels like run-dmc band,run-dmc
who else feels like sixth one band,sixth one
who else feels like that musician band,that musician
who else feels like the eighth band,the eighth
who else feels like their band,their
who else feels like this band,this
who else got a vibe like armin van buuren,armin van buuren
who else got a vibe like café tacvba,café tacvba
who else has a similar sound,
who else has a similar sound,
who else has a sound like bell biv devoe,bell biv devoe
who else has a sound like karaoke diamonds,karaoke diamonds
who else has a sound like sixth,sixth
who else has a sound like that,that
who else has a sound like that artist,that artist
who else has music like angel haze,angel haze
who else has music like current singer,current singer
who else has music like fifth one,fifth one
who else has music like that musician,that musician
who else has music like that singer,that singer
who else has music like the third,the third
who else has music like third,third
who else is like adam levine,adam levine
who else is like some of that,some of that
who else is like some of that,some of that
who else is like that band,that band
who else is like the black crowes,the black crowes
who else is like the ninth,the ninth
who else is similar to august alsina trinidad james,august alsina trinidad james
who else is similar to faith hill,faith hill
who else is similar to the band passion kristian stanfill,passion kristian stanfill
who else is similar to the last,the last
who else is similar to the tenth,the tenth
who else is similar to this performer,this performer
who else is the like the artist disco fever,disco fever
who else is the like the artist that band,that band
who else is the like the artist velvet revolver,velvet revolver
who else is the like the artist øystein sunde,øystein sunde
who else makes music like death angel,death angel
who else makes music like them,them
who else sound like artist,artist
who else sound like the third,the third
who else sound similar,
who else sound similar,
who else sound similar,
who else sound similar,
who else sound similar,
who else sound similar,
who else sound similar,
who else sound similar,
who else sounds like anime kei,anime kei
who else sounds like big sean,big sean
who else sounds like dan bull,dan bull
who else sounds like daniel ingram,daniel ingram
who else sounds like family force 5,family force 5
who else sounds like fourth,fourth
who else sounds like gino vannelli,gino vannelli
who else sounds like john legend,john legend
who else sounds like karunesh,karunesh
who else sounds like kay starr,kay starr
who else sounds like phillipa soo,phillipa soo
who else sounds like read all about it,read all about it
who else sounds like redman,redman
who else sounds like röyksopp,röyksopp
who else sounds like second,second
who else sounds like she,she
who else sounds like stat quo,stat quo
who else sounds like talib kweli,talib kweli
who else sounds like tenth one,tenth one
who else sounds like that,that
who else sounds like the band a fine frenzy,a fine frenzy
who else sounds like the band fifth one,fifth one
who else sounds like the band finch,finch
who else sounds like the band finger eleven,finger eleven
who else sounds like the band gary barlow,gary barlow
who else sounds like the band ninth,ninth
who else sounds like the band the first,the first
who else sounds like they,they
who else sounds like this,this
who else sounds like viola beach,viola beach
who got a sound that s similar to some of that,some of that
who got a sound that s similar to that musician,that musician
who got a sound that s similar to the second,the second
who got beats like chiddy bang,chiddy bang
who got beats like cloves,cloves
who got beats like hayseed dixie,hayseed dixie
who got beats like jodi benson,jodi benson
who got beats like larry the cable guy,larry the cable guy
who got beats like ray parker jr,ray parker jr
who got beats like real life,real life
who got beats like second,second
who got beats like stephanie mills,stephanie mills
who got beats like the klone orchestra,the klone orchestra
who got beats like the tenth,the tenth
who got music like tenth,tenth
who got music similar to cece peniston,cece peniston
who got music similar to feargal sharkey,feargal sharkey
who got music similar to peter gabriel,peter gabriel
who got music similar to refused,refused
who got sounds like fourth s,fourth
who got sounds like last one s,last one
who got sounds like ten walls s,ten walls
who got sounds like the eighth s,the eighth
who got sounds like the outlaws s,the outlaws
who has a similar sound,
who has a similar sound,
who has a similar sound,
who has a similar sound,
who has a similar sound,
who has a similar sound,
who has a similar sound,
who has a similar sound,
who has a similar sound to against the current,against the current
who has a similar sound to buffalo springfield,buffalo springfield
who has a similar sound to karmin,karmin
who has a similar sound to last one,last one
who has a similar sound to less than jake,less than jake
who has a similar sound to tenth one,tenth one
who has a similar vibe to dishwalla,dishwalla
who has a similar vibe to that singer,that singer
who has beats like bauhaus,bauhaus
who has beats like her,her
who has beats like laberinto,laberinto
who has beats like tenth,tenth
who has got music that sounds like apache indian,apache indian
who has got music that sounds like beach sounds 2016,beach sounds 2016
who has got music that sounds like dio,dio
who has got music that sounds like fifth one,fifth one
who has got music that sounds like first,first
who has got music that sounds like ghetts,ghetts
who has got music that sounds like james yammouni,james yammouni
who has got music that sounds like montell jordan,montell jordan
who has got music that sounds like seventh one,seventh one
who has got music that sounds like seventh one,seventh one
who has got music that sounds like tenth,tenth
who has got music that sounds like this performer,this performer
who has music like duffy,duffy
who has music like edwin starr,edwin starr
who has music like gerardo ortiz,gerardo ortiz
who has music like jay-z kanye west,jay-z kanye west
who has music like ninth,ninth
who has music like the cab,the cab
who has music like this musician,this musician
who has music like unkle,unkle
who has music similar to that band,that band
who has music similar to the country music heroes,the country music heroes
who has music similar to the first,the first
who has music similar to the fourth,the fourth
who has music similar to third one,third one
who has music similar to this musician,this musician
who has music similar to völkerball,völkerball
who has music similar to zayn,zayn
who has music that is similar to fifth one,fifth one
who has music that is similar to jacob forever,jacob forever
who has music that is similar to lalo schifrin,lalo schifrin
who has music that is similar to last one,last one
who has music that is similar to maria bethânia,maria bethânia
who has music that is similar to michael card,michael card
who has music that is similar to second one,second one
who has music that s kind of similar to raisa,raisa
who has music that s kind of similar to sarah brightman,sarah brightman
who has music that s kind of similar to ten years after,ten years after
who has music that s kind of similar to tenth,tenth
who has music that s kind of similar to the third,the third
who has music that sounds like this performer,this performer
who has music that sounds similar,
who has similar vibes to johnny burnette,johnny burnette
who has similar vibes to sleep music,sleep music
who has similar vibes to tonic,tonic
who has very similar music to mills brothers,mills brothers
who has very similar music to seventh,seventh
who is real similar to fifth,fifth
who is similar to the artist bad manners,bad manners
who is similar to the artist faith no more,faith no more
who is similar to the artist his,his
who is similar to the artist katrina the waves,katrina the waves
who is similar to the artist kottonmouth kings,kottonmouth kings
who is similar to the artist liz callaway,liz callaway
who is similar to the artist maj britt andersen,maj britt andersen
who is similar to the artist pete yorn,pete yorn
who is similar to the artist stevie ray vaughan double trouble,stevie ray vaughan double trouble
who is similar to the band band,band
who is similar to the band fifth one,fifth one
who is similar to the band issues,issues
who is similar to the band john cafferty,john cafferty
who is similar to the band love and rockets,love and rockets
who is similar to the band ricki-lee,ricki-lee
who is sounding similar to grandaddy,grandaddy
who is sounding similar to she,she
who is sounding similar to teenage fanclub,teenage fanclub
who makes music similar to band,band
who makes music similar to mazzy star,mazzy star
who makes music similar to seventh,seventh
who makes music similar to singer,singer
who makes music similar to tank metal,tank metal
who makes music similar to that singer,that singer
who makes music similar to the ninth,the ninth
who makes music similar to the second,the second
who makes music similar to third one,third one
who makes music similar to this artist,this artist
who makes music similar to vampire weekend,vampire weekend
who makes music similar to yoskar sarante,yoskar sarante
who s an artist like buju banton,buju banton
who s an artist similar to alex sierra,alex sierra
who s an artist similar to seventh one,seventh one
who s an artist similar to sixth one,sixth one
who s got a similar sound to boz scaggs,boz scaggs
who s got a similar sound to raisa,raisa
who s got a sound like dido s,dido
who s got a sound like fun s,fun
who s got a sound like michael bubble s,michael bubble
who s got a sound like natalia kills s,natalia kills
who s got a sound like popcaan s,popcaan
who s got a sound like tacabro s,tacabro
who s got a sound like the ninth s,the ninth
who s got a sound like the tenth s,the tenth
who s got a sound that s similar to dada life,dada life
who s got music similar to ronny jordan,ronny jordan
who s got music similar to the first,the first
who s got similar music,
who s got similar music,
who s got similar music,
who s got similar music,
who s got similar music,
who s got similar music,
who s got similar music,
who s got similar sounds,
who s got similar sounds,
who s got similar sounds,
who s got similar sounds,
who s got similar sounds,
who s got similar sounds,
who s got similar vibes,
who s got similar vibes,
who s got similar vibes,
who s got similar vibes,
who s got the beats like inner circle,inner circle
who s really similar to artist,artist
who s really similar to last,last
who s really similar to the dream team,the dream team
who s really similar to the eighth,the eighth
who s some artists that sound like anne nørdsti,anne nørdsti
who s some artists that sound like she,she
who s very similar sounding,
who s very similar sounding,
who s very similar sounding,
who sounds like blossoms,blossoms
who sounds like ninth one,ninth one
who sounds like rolf harris,rolf harris
who sounds like that performer,that performer
who sounds like the ninth,the ninth
who sounds like them,them
who sounds like this performer,this performer
who were some artists similar to amr diab,amr diab
who were some artists similar to jeroen van veen,jeroen van veen
who were some artists similar to last,last
who were some artists similar to last one,last one
who were some artists similar to patti austin,patti austin
who were some artists similar to second one,second one
who were some artists similar to that,that
who were some artists similar to that band,that band
who were some artists similar to tix,tix
who were some artists that sound like childish gambino,childish gambino
who were some artists that sound like singer,singer
who were some artists that sound like that artist,that artist
who's got the sound like banks,banks
who's got the sound like glen campbell,glen campbell
who's got the sound like kim larsen,kim larsen
who's got the sound like third,third
who's got the sound like third one,third one
