MusicCollectionAddResponse,MusicCollectionAddCollection,MusicCollectionAddSong,MusicCollectionAddArtist
add 21 guns by paula abdul to my third playilst,third,21 guns,paula abdul
add 22 over s n by los cuates de sinaloa to my stuff i like collection,stuff i like,22 over s n,los cuates de sinaloa
add a new way to bleed by lateef the truthspeaker to my music,,a new way to bleed,lateef the truthspeaker
add a song to a collection,,,
add a song to a collection,,,
add a song to a collection,,,
add a song to a playlist,,,
add a song to a playlist,,,
add a song to a playlist,,,
add a song to a playlist,,,
add a song to my car tunes playlist,car tunes,,
add a song to my cookout,cookout,,
add a song to my fifth one playlist,fifth one,,
add a song to my it,it,,
add a song to my library,,,
add a song to my library,,,
add a song to my library,,,
add a song to my library,,,
add a song to my library,,,
add a song to my library,,,
add a song to my library,,,
add a song to my library,,,
add a song to my moody mix,moody,,
add a song to my my hits,my hits,,
add a song to my ninth mix,ninth,,
add a song to my ninth one playlist,ninth one,,
add a song to my out and about mix,out and about,,
add a song to my pumped up playlist,pumped up,,
add a song to my rainy day playlist,rainy day,,
add a song to my stuff i like mix,stuff i like,,
add a song to my the eighth,the eighth,,
add a song to my the first mix,the first,,
add a song to my the fourth playlist,the fourth,,
add a song to my the fourth playlist,the fourth,,
add a song to my the second,the second,,
add a song to my this,this,,
add a song to my work playlist,work,,
add a track to my first playlist,first,,
add a track to my korean playlist,korean,,
add a track to my playlist of songs for the kids songs,songs for the kids,,
add a track to my sixth one playlist,sixth one,,
add a track to my starred playlist,starred,,
add adam eve to my song library,,adam eve,
add alejandro to my library,,alejandro,
add amazing grace my chains are gone to my collection,,amazing grace my chains are gone,
add ambush in the night live at the santa barbara county bowl to my jamrock music playlist,jamrock music,ambush in the night live at the santa barbara county bowl,
add basil poledouris s fourth one to my fourth one playlist,fourth one,fourth one,basil poledouris
add be here one to my music library,,be here,
add beach side one to my music library,,beach side,
add beauty of the end to my music,,beauty of the end,
add benjamin twine song to my running workout mix,running workout,benjamin twine,
add bewitched from pal joey by sergio mendes brasil 66 to my music library,,bewitched from pal joey,sergio mendes brasil 66
add beyond here lies nothin to my collection,,beyond here lies nothin,
add bitch don t kill my vibe to my it collection,it,bitch don t kill my vibe,
add blurred lines to the ninth playlist,ninth,blurred lines,
add break the ice by seventh one to my ninth collection,ninth,break the ice,seventh one
add brenda s got a baby to my music,,brenda s got a baby,
add capsize stint remix by berlin to my collection,,capsize stint remix,berlin
add catchafire whoopsi-daisy to my playlist,,catchafire whoopsi-daisy,
add chiraq to my my music playlist,my music,chiraq,
add college s song ni as in paris to my playlist,,ni as in paris,college
add crosby stills nash young s that to my box of chocolates playlist,box of chocolates,that,crosby stills nash young
add current dope song by first one to my prom party playilst,prom party,current dope song,first one
add current dope song to my collection,,current dope song,
add current song to my fifth one,fifth one,current song,
add current song to my song library,,current song,
add desire by band to my liked playlist,liked,desire,band
add desperado to my library,,desperado,
add dionne bromfield s song old money to my reggae playlist,reggae,old money,dionne bromfield
add dirty deeds done dirt cheap original australian release by first to the playlist first,first,dirty deeds done dirt cheap original australian release,first
add dj casper s the answer to my wake up music playlist,wake up music,the answer,dj casper
add dog breath song to my this mix,this,dog breath,
add down by the seaside by 90s maniacs to my hip hop collection,hip hop,down by the seaside,90s maniacs
add drive-in saturday 2013 remastered version to my music,,drive-in saturday 2013 remastered version,
add du hast english version in the style of rammstein by bjork to my collection,,du hast english version in the style of rammstein,bjork
add eagle-eye cherry s that song to my black girl magic playlist,black girl magic,that song,eagle-eye cherry
add echo the bunnymen s song fifth one to my playlist,,fifth one,echo the bunnymen
add eighth by mina to my eighth playlist,eighth,eighth,mina
add eighth s song in wonder to my library,,in wonder,eighth
add eighth to my ambient noise playlist,ambient noise,eighth,
add embryo from picnic song to tenth,tenth,embryo from picnic,
add enough song to my run mix,run,enough,
add estoy aquí stereo to my greatest hits from the 80s,greatest hits from the 80s,estoy aquí stereo,
add et je l'appelle encore to my playlist,,et je l'appelle encore,
add eu e água to my music,,eu e água,
add everyday struggle by carimi to to my boogie,boogie,everyday struggle,carimi
add faithful to my rock faves playlist,rock faves,faithful,
add feel so close benny benassi remix to my tenth collection,tenth,feel so close benny benassi remix,
add fifth one by the third to my collection,,fifth one,the third
add fifth one song to my collection,,fifth one,
add fifth one song to my library,,fifth one,
add fifth one to one of my playlists,,fifth one,
add fifth one to the running playlist,running,fifth one,
add fingertips by sixth one to my collection,,fingertips,sixth one
add firebird by elle king to my r&b divas playlist,r&b divas,firebird,elle king
add first one by better than ezra to my collection,,first one,better than ezra
add first one to a playlist,,first one,
add first one to my library,,first one,
add fourth by pete townshend to the playlist groovy,groovy,fourth,pete townshend
add fourth one by banda los recoditos to my london beats playlist,london beats,fourth one,banda los recoditos
add fourth one to one of my playlists,,fourth one,
add fourth song to my collection,,fourth,
add fourth song white people to my college jams playlist,college jams,white people,fourth
add fourth to my classical,classical,fourth,
add fourth to my international music,international music,fourth,
add gamma s current playing song to my second one playlist,second one,current playing song,gamma
add gangnam style 강남스타일 to my collection,,gangnam style 강남스타일,
add gary barlow the commonwealth band s song celtic excavation to my second playlist,second,celtic excavation,gary barlow the commonwealth band
add ghetto remix dj noodles feat big 2pac to my love songs,love songs,ghetto remix dj noodles feat big 2pac,
add ghosttown by russ to my daily mix playlist,daily mix,ghosttown,russ
add givin n takin feat danny seth dej loaf to my the last playlist,the last,givin n takin feat danny seth dej loaf,
add go to my playlist,,go,
add golden slumbers carry that weight by jay z beyoncé to a playlist,,golden slumbers carry that weight,jay z beyoncé
add goldfrapp s what you want to my ninth one playlist,ninth one,what you want,goldfrapp
add good riddance time of your life live to the playlist called flying,flying,good riddance time of your life live,
add gravity of love by david foster to my collection,,gravity of love,david foster
add hank snow s tenth one to my the fifth playlist,the fifth,tenth one,hank snow
add his s the fourth to my it playlist,it,the fourth,his
add hold up to my song library,,hold up,
add hot to one of my playlists,,hot,
add house party feat young chris to my home,home,house party feat young chris,
add hustlin to my library,,hustlin,
add i belong to you live by ladyhawke to a playlist,,i belong to you live,ladyhawke
add i don't care english version to my christmas faves,christmas faves,i don't care english version,
add i have the body of john wilkes booth by devvon terrell to my music,,i have the body of john wilkes booth,devvon terrell
add i'll never stop loving you by last to my collection,,i'll never stop loving you,last
add icono gurú to a playlist,,icono gurú,
add in my head song to my at the gym,at the gym,in my head,
add interlude ll to my playlist,,interlude ll,
add it by fourth one to the playlist at the gym,at the gym,it,fourth one
add it s time song to my music,,it s time,
add it song to my bedtime playlist,bedtime,it,
add just believe to my 90s r&b playlist,90s r&b,just believe,
add keep holding on song to my second one,second one,keep holding on,
add kick it out song to the playlist called fourth one,fourth one,kick it out,
add kiss the sky by fourth one to my intense workout playlist,intense workout,kiss the sky,fourth one
add kreator s song it s quiet uptown to my library,,it s quiet uptown,kreator
add la tortura to my british divas playlist,british divas,la tortura,
add landing cliffs by the tenth to my music,,landing cliffs,the tenth
add landslide to my the ninth collection,the ninth,landslide,
add last by first to my sleepytime music playlist,sleepytime music,last,first
add last chance to my library,,last chance,
add last one to my library,,last one,
add last one to my music library,,last,
add last one to the work it playlist,work it,last one,
add last s song back for more to my library,,back for more,last
add last to my music collection,,last,
add laura welsh s song current playing song to my library,,current playing song,laura welsh
add lay lady lay song to my faves,faves,lay lady lay,
add lego house one to my music library,,lego house,
add let me explain one to my music library,,let me explain,
add let the music play s song royals to my playlist,,royals,let the music play
add light me up us version one to my music library,,light me up us version,
add little chicago boy by the eighth to my killin it mix,killin it,little chicago boy,the eighth
add lloyd cole and the commotions s song the seventh to my top 100 playlist,top 100,the seventh,lloyd cole and the commotions
add london symphony orchestra s tenth one to my playlist playlist,playlist,tenth one,london symphony orchestra
add long way to go song to freaky,freaky,long way to go,
add love 1959 to my playlist,,love 1959,
add love of my life by first one to my music,,love of my life,first one
add mary jane 2015 remastered to my rockin vibes list,rockin vibes,mary jane 2015 remastered,
add meurtre par strangulation one to my music library,,meurtre par strangulation,
add milestone to one of my playlists,,milestone,
add miss u by rogue traders to my the eighth playlist,the eighth,miss u,rogue traders
add missing by jordi savall to the playlist called love songs,love songs,missing,jordi savall
add misty mountain hop song to the fourth,the fourth,misty mountain hop,
add motez s song the seventh to my library,,the seventh,motez
add movin on by this to my out and about playilst,out and about,movin on,this
add mushroomhead s current dope song to my collection,,current dope song,mushroomhead
add music to a playlist,,,
add music to a playlist,,,
add music to a playlist,,,
add music to a playlist,,,
add music to a playlist,,,
add music to a playlist,,,
add music to a playlist,,,
add music to my list of hot trax music,hot trax,,
add music to my list of third one music,third one,,
add my own thang by filous into my collection,,my own thang,filous
add my plague new abuse mix by second into my collection,,my plague new abuse mix,second
add never be like you feat kai disclosure remix by seventh to my dope stuff playilst,dope stuff,never be like you feat kai disclosure remix,seventh
add never let you go feat ryan tedder song to the playlist called wedding music,wedding music,never let you go feat ryan tedder,
add never seen anything quite like you song to movie songs,movie songs,never seen anything quite like you,
add new order song let s go crazy to my afropunk playlist,afropunk,let s go crazy,new order
add ninth by seventh one to my love songs mix,love songs,ninth,seventh one
add ninth one by this artist to my fashion week playlist,fashion week,ninth one,this artist
add ninth one to my collection,,ninth one,
add ninth one to my dope playlist,dope,ninth one,
add ninth one to my sixth collection,sixth,ninth one,
add ninth to my library,,ninth,
add ninth to my library of tunes,,ninth,
add no by cass mccombs to the playlist called summer songs,summer songs,no,cass mccombs
add nothing but the blood by the box tops to my bored at work playlist,bored at work,nothing but the blood,the box tops
add nothing is stopping you to a playlist,,nothing is stopping you,
add oh george to my collection playlist,collection,oh george,
add only love luca schreiner island house mix to my new stuff playlist,new stuff,only love luca schreiner island house mix,
add our song by seventh to a playlist,,our song,seventh
add override by solar fields to a playlist,,override,solar fields
add perfectly lonely song to the playlist called favs,favs,perfectly lonely,
add power of positive drinkin by big l to the playlist called taylor swift,taylor swift,power of positive drinkin,big l
add prayers for rain by her to the playlist collection,collection,prayers for rain,her
add prologue to my cool songs playlist,cool songs,prologue,
add prove yourself song to my the eighth mix,the eighth,prove yourself,
add push acoustic version to my cardio playlist,cardio,push acoustic version,
add put it on ya to my library,,put it on ya,
add rattle that lock radio edit to my collection,,rattle that lock radio edit,
add red nation to my time for work,time for work,red nation,
add rick james s who said whiskey was meant to drink a woman away to my sixth one playlist,sixth one,who said whiskey was meant to drink a woman away,rick james
add rodrigo y gabriela s song juxtapozed with u to my library,,juxtapozed with u,rodrigo y gabriela
add roja to my barbeque,barbeque,roja,
add roller coaster song to my music,,roller coaster,
add rolling stone remix to my library,,rolling stone remix,
add sable on blond alternate version to my playlist,,sable on blond alternate version,
add satellite call to my music library,,satellite call,
add second one to one of my playlists,,second one,
add seventh one by funk to my the sixth playlist,the sixth,seventh one,funk
add seventh one by lloyd price to my ninth mix,ninth,seventh one,lloyd price
add seventh to my ninth playlist,ninth,seventh,
add she ain't you to the beer pong playlist,beer pong,she ain't you,
add she s a mean woman to one of my playlists,,she s a mean woman,
add she to my collection,,she,
add she wouldn't be gone song to my library,,she wouldn't be gone,
add shocked to my valentine s day list,valentine s day,shocked,
add singer s wonder original mix to my sixth one playlist,sixth one,wonder original mix,singer
add sister hazel song eighth to my reggae playlist,reggae,eighth,sister hazel
add sixth one by jake miller to my library,,sixth one,jake miller
add sixth one song to cardio,cardio,sixth one,
add sixth one song to my collection,,sixth one,
add sixth one to my library,,sixth one,
add sixth one to my music,,sixth one,
add slaughterhouse s song third one to my library,,third one,slaughterhouse
add some music to a playlist,,,
add some music to a playlist,,,
add some music to a playlist,,,
add some music to a playlist,,,
add something to a playlist,,,
add something to my back it up collection,back it up,,
add something to my hot hits collection,hot hits,,
add something to my liked collection,liked,,
add something to my music,,,
add something to my music,,,
add something to my music,,,
add something to my music,,,
add something to my music collection,,,
add something to my old faves collection,old faves,,
add something to my playlist collection,playlist,,
add something to my road trippin collection,road trippin,,
add something to my second collection,second,,
add something to my twerk collection,twerk,,
add something to my x-mas collection,x-mas,,
add something to one of my playlists,,,
add something to the playlist called jamrock music,jamrock music,,
add sometimes radio edit - remastered to my library,,sometimes radio edit - remastered,
add song by gary valenciano to my collection,,song,gary valenciano
add song by young money to the playlist divas,divas,song,young money
add song keep the faith by glenn hughes to my rock out collection,rock out,keep the faith,glenn hughes
add song looking for you by the tokens to my ratchet collection,ratchet,looking for you,the tokens
add song one more night 2016 remastered by kari ola lars bremnes to my yoga collection,yoga,one more night 2016 remastered,kari ola lars bremnes
add song the last by fernandoz to my funky collection,funky,the last,fernandoz
add song to my library,,song,
add song to my playlists,,song,
add song your body by ninth to my tgif collection,tgif,your body,ninth
add stardust song to my fourth playlist,fourth,stardust,
add stay schemin stay dreamin by brothers to my favorites playlist,favorites,stay schemin stay dreamin,brothers
add stop crying your heart out song to my first one,first one,stop crying your heart out,
add stranger to my skinny jeans playlist,skinny jeans,stranger,
add strength of the mind by matt stinton to my music,,strength of the mind,matt stinton
add taking my ball to one of my playlists,,taking my ball,
add talking bird by some of that to my hot trax playlist,hot trax,talking bird,some of that
add tenth by eighth one to my yoga collection,yoga,tenth,eighth one
add tenth by first one to my music library,,tenth,first one
add tenth one by the fourth to my second collection,second,tenth one,the fourth
add tenth one song hell awaits to my afro playlist,afro,hell awaits,tenth one
add tenth one to my ninth one collection,ninth one,tenth one,
add that s not me by sixth one to my hot hits collection,hot hits,that s not me,sixth one
add that s song dead wrong feat eminem 2016 remastered to my playlist,,dead wrong feat eminem 2016 remastered,that
add that song by vijay prakash to to my tenth,tenth,that song,vijay prakash
add that song to a playlist,,that song,
add that song to my music collection,,that song,
add that song to the playlist called tenth,tenth,that song,
add that to seventh one,seventh one,that,
add that track one to my music library,,that track,
add that track to my collection,,that track,
add that track track to the unwind playlist,unwind,that track,
add the act one - king of the mountain to my collection,,act one - king of the mountain,
add the alexisonfire song hung up to my stuff i like mix,stuff i like,hung up,alexisonfire
add the corrosion of conformity song the sixth to my collection,,the sixth,corrosion of conformity
add the current song song to my dope stuff collection,dope stuff,current song,
add the digital dash to my first playlist,first,digital dash,
add the eighth song to my collection,,the eighth,
add the eighth to my seventh collection,seventh,the eighth,
add the fifth by iamamiwhoami to to my this,this,the fifth,iamamiwhoami
add the fifth by them into my collection,,the fifth,them
add the fifth to my eighth one collection,eighth one,the fifth,
add the first 2 heads to my music library,,2 heads,the first
add the first one to a playlist,,first one,
add the first song to my music collection,,the first,
add the fourth to my country time playlist,country time,the fourth,
add the gomez song fifth one to my collection,,fifth one,gomez
add the hannah wants song the last to my weekend is here mix,weekend is here,the last,hannah wants
add the last song to my turned up mix,turned up,the last,
add the last song to my work it,work it,the last,
add the last to my library,,the last,
add the los ángeles azules song first one to my collection,,first one,los ángeles azules
add the ninth to my playlists,,the ninth,
add the overburdened to a playlist,,overburdened,
add the piano knows something i don't know to my the fifth playlist,the fifth,the piano knows something i don't know,
add the reckoning to my library,,the reckoning,
add the second by current singer to my music,,the second,current singer
add the second s track to my collection,,track,the second
add the second to a playlist,,the second,
add the seventh to my fourth playlist,fourth,the seventh,
add the seventh to my the tenth playlist,the tenth,the seventh,
add the she is to my collection,,she is,
add the simone e simaria song you won t let go to my bored mix,bored,you won t let go,simone e simaria
add the sixth song to my the seventh collection,the seventh,sixth,
add the song and then to my chill music,chill,and then,
add the song angel in blue jeans by i am they to my time for work playlist,time for work,angel in blue jeans,i am they
add the song better by sophie zelmani to my the fifth playlist,the fifth,better,sophie zelmani
add the song cal local hero to my collection,,cal local hero,
add the song called four door aventador to my library,,four door aventador,
add the song can't feel my face to my collection of cardio,cardio,can't feel my face,
add the song current playing song to the playlist study vibes,study vibes,current playing song,
add the song current song by leon to my fifth one collection,fifth one,current song,leon
add the song dna to my inspirational music,inspirational,dna,
add the song eighth by his to my experimental collection,experimental,eighth,his
add the song eighth to my drive time,drive time,eighth,
add the song first one by diana vickers to my the fifth playlist,the fifth,first one,diana vickers
add the song fourth one to my twerk music,twerk,fourth one,
add the song happy by pharell to my happy mix,,,
add the song happy by pharell to my happy mix,,,
add the song he ain't heavy he s my brother to my music,,he ain't heavy he s my brother,
add the song hurricane to a playlist,,hurricane,
add the song i can't tell you why live version to my collection,,i can't tell you why live version,
add the song landslide to my third,third,landslide,
add the song last one by current singer to my collection,,last one,current singer
add the song new chick to my airplane playlist,airplane,new chick,
add the song ninth one to my collection,,ninth one,
add the song pity party the feels remix to my collection of yeezy,yeezy,pity party the feels remix,
add the song recognize feat drake to my collection of strong women,strong women,recognize feat drake,
add the song rich forever by randy houser to my old favorites collection,old favorites,rich forever,randy houser
add the song scary monsters and nice sprites by band to my collection,,scary monsters and nice sprites,band
add the song second one to my teenybopper music,teenybopper,second one,
add the song see you remastered version to my collection,,see you remastered version,
add the song seventh one to my collection,,seventh one,
add the song sixth by moloko to the playlist called sixth one,sixth one,sixth,moloko
add the song sixth one to the playlist starred,starred,sixth one,
add the song stranger by zz top to the playlist called gym,gym,stranger,zz top
add the song the eighth to my collection,,the eighth,
add the song the eighth to the playlist red white and blue,red white and blue,the eighth,
add the song the fifth to my soft rock,soft rock,the fifth,
add the song the highwayman remastered by second to my collection,,the highwayman remastered,second
add the song the ninth by current singer to the playlist called favorites,favorites,the ninth,current singer
add the song the race for space to my collection of college jams,college jams,the race for space,
add the song the seventh to my the third music,the third,the seventh,
add the song the sixth by the sixth to my third one playlist,third one,the sixth,the sixth
add the song the wind to my collection of bored at work,bored at work,the wind,
add the song third one to my study vibes,study vibes,third one,
add the song this is living by soilwork to the playlist called workout music,workout music,this is living,soilwork
add the song ti ho voluto bene veramente to my oldies but goodies,oldies but goodies,ti ho voluto bene veramente,
add the song walk to my first,first,walk,
add the song williamsburg is artsy to my the sixth playlist,the sixth,williamsburg is artsy,
add the song would you know to my rock,rock,would you know,
add the tenth song ninth one to my chinese music mix,chinese music,ninth one,tenth
add the tenth song to last one,last one,the tenth,
add the tenth to my dope playlist,dope,the tenth,
add the that track to my collection,,that track,
add the the second song to my moody collection,moody,the second,
add the their song this track to my collection,,this track,their
add the third s this song to my new stuff playlist,new stuff,this song,the third
add the third to my rock faves collection,rock faves,the third,
add the third to one of my playlists,,the third,
add the tiffany song a rumor of skin to my collection,,a rumor of skin,tiffany
add the track current playing song to my fifth one collection,fifth one,current playing song,
add the track house party to my last collection,last,house party,
add the track ninth one by the eighth to my music,,ninth one,the eighth
add the track ocho cinco by that band to my music,,ocho cinco,that band
add the track that song by studio 99 to my music,,that song,studio 99
add the track that track by seventh one to my music,,that track,seventh one
add the track the eighth by it to my music,,the eighth,it
add the trampled by turtles song the erumpent to my fifth one playlist,fifth one,the erumpent,trampled by turtles
add the trembling of a leaf to my rap songs playlist,rap songs,the trembling of a leaf,
add the unforgettable fire to one of my playlists,,the unforgettable fire,
add the very thought of you to my library,,the very thought of you,
add the wonderful world of christmas to my collection,,the wonderful world of christmas,
add they came to cordura by wet to my library,,they came to cordura,wet
add third by johnny mathis to my new stuff playlist,new stuff,third,johnny mathis
add third one by natalia kills to my twerk playlist,twerk,third one,natalia kills
add third one by propellerheads to my chill playlist,chill,third one,propellerheads
add third one by robin williams to my beast mode collection,beast mode,third one,robin williams
add third one to my library,,third one,
add third one to my wedding music,wedding music,third one,
add this artist s mamma knows best to my fifth one playlist,fifth one,mamma knows best,this artist
add this song song to my dope,dope,this song,
add this song to my last one,last one,this song,
add this song to my party songs,party songs,this song,
add this to my college jams,college jams,this,
add this to my music,,this,
add this to my reggae collection,reggae,this,
add this track song to my faves mix,faves,this track,
add this track song to my playlist called the seventh,the seventh,this track,
add to my airplane mix,airplane,,
add to my always on mix,always on,,
add to my background music mix,background music,,
add to my background music playlist,background music,,
add to my boss mix,boss,,
add to my collection,,,
add to my collection,,,
add to my collection,,,
add to my collection,,,
add to my de-stress mix,de-stress,,
add to my fifth mix,fifth,,
add to my first one mix,first one,,
add to my fourth one mix,fourth one,,
add to my indie workout mix,indie workout,,
add to my international music playlist,international music,,
add to my library,,,
add to my library,,,
add to my music,,,
add to my music,,,
add to my music,,,
add to my music,,,
add to my sad songs mix,sad songs,,
add to my spooky playlist,spooky,,
add to my tenth mix,tenth,,
add to my the fourth mix,the fourth,,
add to my the tenth mix,the tenth,,
add todo fue mentira by kate tempest to my bomb ass songs playlist,bomb ass songs,todo fue mentira,kate tempest
add tonight one to my music library,,tonight,
add tonight tonight by zara larsson to my hip hop playlist,hip hop,tonight tonight,zara larsson
add tony joe white s song now behold the lamb to my fifth one playlist,fifth one,now behold the lamb,tony joe white
add touché amoré s song this track to my hot hits playlist,hot hits,this track,touché amoré
add track by tori darke to a playlist,,track,tori darke
add track to a playlist,,track,
add track to my chill music playlist,chill music,track,
add track to my playlists,,track,
add track to my the fifth list,the fifth,track,
add trashed and scattered to one of my playlists,,trashed and scattered,
add trip through your wires by sebastian to my ultimate collection,ultimate,trip through your wires,sebastian
add true men don't kill coyotes 24-bit digitally remastered 02 by some of that to my the tenth playlist,the tenth,true men don't kill coyotes 24-bit digitally remastered 02,some of that
add up from the skies song to my fifth one,fifth one,up from the skies,
add upgrade u live song to my music,,upgrade u live,
add van mccoy s song the sixth to my library,,the sixth,van mccoy
add what an experience by third to a playlist,,what an experience,third
add what an experience to my the first,the first,what an experience,
add where i belong by rationale to collection,,where i belong,rationale
add winter song to my song library,,winter song,
add wonderin feat matthew thiessen to my greatest hits from the 80s list,greatest hits from the 80s,wonderin feat matthew thiessen,
add you know you're right to my lost in translation collection,lost in translation,you know you're right,
add your song by we are scientists to a playlist,,your song,we are scientists
add ω ix meriggiare una matrice di musica modulare to my it playlist,it,ω ix meriggiare una matrice di musica modulare,
can i save ain't nothing you can do live track to my library,,ain't nothing you can do live,
can i save bad romance glee cast version track to my library,,bad romance glee cast version,
can i save electric chapel track to my library,,electric chapel,
can i save heaven calling track to my library,,heaven calling,
can i save lifelines boogieman remix 2016 remastered track to my library,,lifelines boogieman remix 2016 remastered,
can i save make up your mind song,,make up your mind,
can i save so much things to say track to my library,,so much things to say,
can you add a song called angela by triumph to my this playlist,this,angela,triumph
can you add a song called changed forever feat nirva ready by love affair to my ninth playlist,ninth,changed forever feat nirva ready,love affair
can you add a song called only when i walk away by milk bone to my the fifth playlist,the fifth,only when i walk away,milk bone
can you add a song called the fifth by forever the sickest kids to my playlist playlist,playlist,the fifth,forever the sickest kids
can you add a song called the fifth by moderat to my that playlist,that,the fifth,moderat
can you add a song to a playlist,,,
can you add a song to a playlist,,,
can you add a song to my playlist of ninth one,ninth one,,
can you add a song to the box of chocolates mix i have,box of chocolates,,
can you add a song to the hood mix i have,hood,,
can you add a song to the john s stuff mix i have,john s stuff,,
can you add a song to the second one mix i have,second one,,
can you add a song to the the ninth mix i have,the ninth,,
can you add a song to the work out mix i have,work out,,
can you add and so to f live 2015 remastered to my library,,and so to f live 2015 remastered,
can you add black widow track to my beast mode collection,beast mode,black widow,
can you add burn to my collection,,burn,
can you add fascination street to my seventh playlist,seventh,fascination street,
can you add fifth to a playlist of mine,,fifth,
can you add fifth track to my last collection,last,fifth,
can you add first one to my valentine s day playlist,valentine s day,first one,
can you add first to my library,,first,
can you add fleeting one to a playlist of mine,,fleeting one,
can you add kno one to my last playlist,last,kno one,
can you add last one to a playlist of mine,,last one,
can you add louder to a playlist of mine,,louder,
can you add ninth to my the first playlist,the first,ninth,
can you add no sleeep feat j cole to my indie workout playlist,indie workout,no sleeep feat j cole,
can you add o come o come emmanuel by ninth one to my music,,o come o come emmanuel,ninth one
can you add out in the cold again track to my spinning class collection,spinning class,out in the cold again,
can you add rough boy to my work playlist,work,rough boy,
can you add second one to my library,,second one,
can you add sixth one track to my sixth one collection,sixth one,sixth one,
can you add sixth track to my that collection,that,sixth,
can you add something good to a playlist of mine,,something good,
can you add something to my beer pong mix,beer pong,,
can you add something to my eighth one mix,eighth one,,
can you add something to my everyday playlist,everyday,,
can you add something to my good vibes playlist,good vibes,,
can you add something to my hot tracks mix,hot tracks,,
can you add something to my last playlist,last,,
can you add something to my mary s music playlist,mary s music,,
can you add something to my ninth one mix,ninth one,,
can you add something to my ninth one playlist,ninth one,,
can you add something to my playlist playlist,playlist,,
can you add something to my seventh playlist,seventh,,
can you add something to my the eighth playlist,the eighth,,
can you add something to my the eighth playlist,the eighth,,
can you add something to my third one mix,third one,,
can you add something to my twerk playlist,twerk,,
can you add tenth one to a playlist of mine,,tenth one,
can you add tenth one track to my fun and silly collection,fun and silly,tenth one,
can you add the fourth track to my spinning class collection,spinning class,the fourth,
can you add the new beginning to my cantopop playlist,cantopop,new beginning,
can you add the ninth by bobby mcferrin to my music,,the ninth,bobby mcferrin
can you add the song feel right to my eighth playlist,eighth,feel right,
can you add the song gimme shelter by ghost to my music library,,gimme shelter,ghost
can you add the song milkshake to my collection,,milkshake,
can you add the song rising storm by fifth to my old time faves playlist,old time faves,rising storm,fifth
can you add the song step back in time live at the sse hydro to my collection,,step back in time live at the sse hydro,
can you add the song that song to my the third playlist,the third,that song,
can you add the song tvc 15 live 2005 remastered version to my collection,,tvc 15 live 2005 remastered version,
can you add the song won't be silent to my collection,,won't be silent,
can you add the the last to my it playlist,it,the last,
can you add third one track to my work collection,work,third one,
can you add to my holiday collection,holiday,,
can you add to my party songs collection,party songs,,
can you add to my playlist of oldies,oldies,,
can you add to my tenth collection,tenth,,
can you add too late for love to my the seventh playlist,the seventh,too late for love,
can you add track to my collection playlist,collection,track,
can you add world changers to my collection,,world changers,
can you add writing s on the wall to a playlist of mine,,writing s on the wall,
can you add you gotta not track to my emo stuff collection,emo stuff,you gotta not,
can you please put beach side in my childhood playlist,childhood,beach side,
can you please put cold water feat justin bieber mø don omar remix in my get down playlist,get down,cold water feat justin bieber mø don omar remix,
can you please put funny face non-album track in my the best playlist,the best,funny face non-album track,
can you please put jaded in my eighth one playlist,eighth one,jaded,
can you please put ninth in my beyonce playlist,beyonce,ninth,
can you please put satisfaction in my fun times playlist,fun times,satisfaction,
can you please put that in my it playlist,it,that,
can you please put that track in my eighth playlist,eighth,that track,
can you please put the first in my eighth one playlist,eighth one,the first,
can you please put track in my my hits playlist,my hits,track,
can you put here we go looby lo by the eighth into my third mix,third,here we go looby lo,the eighth
can you put middle feat bipolar sunshine mija remix by seventh one into my london beats mix,london beats,middle feat bipolar sunshine mija remix,seventh one
can you put ninth in my collection,,ninth,
can you put nobody love in my collection,,nobody love,
can you put perfect strangers by fourth into my beer pong mix,beer pong,perfect strangers,fourth
can you put second by last in my collection,,second,last
can you put seventh one by claude debussy in my collection,,seventh one,claude debussy
can you put sixth one by lil wayne into my third one mix,third one,sixth one,lil wayne
can you put thank you by serena ryder into my childhood mix,childhood,thank you,serena ryder
can you put that by current singer into my best reggae mix,best reggae,that,current singer
can you put tightrope by them into my stuff i love mix,stuff i love,tightrope,them
can you put track by revolverheld in my collection,,track,revolverheld
can you save dope peddler to my sixth collection,sixth,dope peddler,
can you save long time lie to my yeezy collection,yeezy,long time lie,
can you save ninth one to my barbeque collection,barbeque,ninth one,
can you save second one to my fourth collection,fourth,second one,
can you save sparrow under heaven s eyes to my last collection,last,sparrow under heaven s eyes,
can you save turn me on feat nicki minaj to my tenth collection,tenth,turn me on feat nicki minaj,
could you add baby can i hold you to a playlist,,baby can i hold you,
could you add brown eyes 2015 remastered to a playlist,,brown eyes 2015 remastered,
could you add current playing song by tv on the radio to a playlist for me,,current playing song,tv on the radio
could you add dance with me tonight to a playlist,,dance with me tonight,
could you add just a dream to a playlist,,just a dream,
could you add music to playlists,,,
could you add music to playlists,,,
could you add music to playlists,,,
could you add music to playlists,,,
could you add n'oublie jamais song to my fifth,fifth,n'oublie jamais,
could you add round round by tokyo police club to my this list,this,round round,tokyo police club
could you add second one to a playlist,,second one,
could you add the first noel glee cast version to a playlist,,the first noel glee cast version,
could you add the sixth to a playlist,,the sixth,
could you add the song feelin on yo booty - dirty south mix featuring youngbloodz by this band to my collection collection,collection,feelin on yo booty - dirty south mix featuring youngbloodz,this band
could you add the song first by king creosote to my the fourth collection,the fourth,first,king creosote
could you add the song search and destroy by golden features to my chill collection,chill,search and destroy,golden features
could you add the song this by second to my exercise collection,exercise,this,second
could you add this song to a playlist,,this song,
could you add this track song to my first one,first one,this track,
could you add this track to a playlist,,this track,
could you add tied to you feat justin tranter to a playlist,,tied to you feat justin tranter,
could you add unbelievable to a playlist,,unbelievable,
could you add wrong in the right way song to my fourth one,fourth one,wrong in the right way,
could you put encore song in a playlist,,encore,
could you put the third song in a playlist,,the third,
could you put warning song in a playlist,,warning,
drop armani feat yazz into my library,,armani feat yazz,
drop be alone into my collection,,be alone,
drop diva glee cast version into my library,,diva glee cast version,
drop fake id feat gretchen wilson into my collection,,fake id feat gretchen wilson,
drop i've been losing you into my library,,i've been losing you,
drop kids in the dark into my fourth playlist,fourth,kids in the dark,
drop second into my afropunk collection,afropunk,second,
drop second one into my favorites collection,favorites,second one,
drop second one into my rock collection,rock,second one,
drop seventh one into my childhood playlist,childhood,seventh one,
drop shake that thing into my new stuff collection,new stuff,shake that thing,
drop state of grace into my the first collection,the first,state of grace,
drop the eighth into my cantopop playlist,cantopop,the eighth,
drop the eighth into my old stuff collection,old stuff,the eighth,
drop the song jah is mighty by ariana grande into my sixth one playlist,sixth one,jah is mighty,ariana grande
drop the song no chains on me by ward thomas into my background music playlist,background music,no chains on me,ward thomas
drop third one into my second collection,second,third one,
drop track into my last collection,last,track,
drop you don't know into my country mix playlist,country mix,you don't know,
find can the can by sound effects library and add it to my electro playlist,electro,can the can,sound effects library
find first by some of that and add it to my songs for the kids playlist,songs for the kids,first,some of that
find hello by kellie pickler and add it to my strong women playlist,strong women,hello,kellie pickler
find outside remix by last and add it to my power workout playlist,power workout,outside remix,last
find school day by joe purdy and add it to my sixth playlist,sixth,school day,joe purdy
find second by johnnyswim and add it to my jamrock music playlist,jamrock music,second,johnnyswim
find sixth by tercer cielo and add it to my brit rockers playlist,brit rockers,sixth,tercer cielo
find the last by frank turner and add it to my ninth playlist,ninth,the last,frank turner
help me add a song to cardio playlist,cardio,,
help me add a song to that playlist,that,,
help me add a song to the ninth playlist,the ninth,,
help me add something to a playlist,,,
help me add something to a playlist,,,
help me add something to a playlist,,,
help me add something to a playlist,,,
help me add the song lightning by wizzard to my the fifth,the fifth,lightning,wizzard
help me add the song that by them to my ninth,ninth,that,them
i need a song added to my collection of fifth music,fifth,,
i need a song added to my collection of the fifth music,the fifth,,
i need to add let yourself go to a playlist,,let yourself go,
i need to add the boy with the thorn in his side 2011 remastered version to a playlist,,the boy with the thorn in his side 2011 remastered version,
i need to add the wind to a playlist,,the wind,
i need to add zero gravity above and beyond remix to a playlist,,zero gravity above and beyond remix,
i wanna put fifth song in my morning wake up mix,morning wake up,fifth,
i wanna put sixth song in my ghetto mix,ghetto,sixth,
i wanna put the tenth song in my the fourth mix,the fourth,the tenth,
i want a song added to my all-time faves playlist,all-time faves,,
i want a song added to my chilling playlist,chilling,,
i want a song added to my love it playlist,love it,,
i want first one added to my time for work collection,time for work,first one,
i want hangar 18 2004 digital remaster added to my tenth one collection,tenth one,hangar 18 2004 digital remaster,
i want lotus intro added to my collection,,lotus intro,
i want seventh one added to my eighth one collection,eighth one,seventh one,
i want seventh song added to my playlist called starred,starred,seventh,
i want sixth added to my the ninth collection,the ninth,sixth,
i want songbird added to the weekend is here playlist,weekend is here,songbird,
i want the ballad of ira hayes added to my sixth one collection,sixth one,the ballad of ira hayes,
i want the eighth added to the stuff i love playlist,stuff i love,the eighth,
i want to add a song to the out there playlist,out there,,
i want to add radio to my library,,radio,
i want to add second to my library,,second,
i want to add seventh to my library,,seventh,
i want to add something to my black girl magic playlist,black girl magic,,
i want to add something to my get fit playlist,get fit,,
i want to add something to my last playlist,last,,
i want to add something to my lullaby playlist,lullaby,,
i want to add something to my music library,,,
i want to add something to my music library,,,
i want to add something to my music library,,,
i want to add something to my music library,,,
i want to add something to my music library,,,
i want to add something to my r&b divas playlist,r&b divas,,
i want to add something to my the first playlist,the first,,
i want to add something to my third playlist,third,,
i want to add the seasick steve song fourth to my dope beats collection,dope beats,fourth,seasick steve
i want to add the see you again song seventh to my the ninth collection,the ninth,seventh,see you again
i want to add the the fourth song tenth to my the second collection,the second,tenth,the fourth
i want to add to my airplane playlist,airplane,,
i want to add to my the best playlist,the best,,
i want to add to the playlist cardio,cardio,,
i want to put if heaven wasn't so far away in the it playlist,it,if heaven wasn't so far away,
i want to put sixth one in the second playlist,second,sixth one,
i want to save bron-yr-aur stomp live album version by the justice collective to a playlist,,bron-yr-aur stomp live album version,the justice collective
i want to save by now by he to a playlist,,by now,he
i want to save drops in the ocean song,,drops in the ocean,
i want to save eighth one by don henley to a playlist,,eighth one,don henley
i want to save ninth by kent to a playlist,,ninth,kent
i want to save song for the asking by the twilight sad to a playlist,,song for the asking,the twilight sad
i want to save the last song,,the last,
i want to save the sixth by fifth harmony to a playlist,,the sixth,fifth harmony
i want to save the song tomar ki naam from shaheb bibi golaam,,tomar ki naam from shaheb bibi golaam,
i want to save third one song,,third one,
i want to save this song song,,this song,
i want to save tongue tied by eighth one to a playlist,,tongue tied,eighth one
i want to save track song,,track,
i want to save velvet by florida georgia line to a playlist,,velvet,florida georgia line
i would like to add cassette sessions e rival consoles remix by w a s p to a collection,,cassette sessions e rival consoles remix,w a s p
i would like to add prayer live version by ninth to a collection,,prayer live version,ninth
i would like to add the first by the eighth to a collection,,the first,the eighth
i would like to add third one by peter hollens to a collection,,third one,peter hollens
i'd like add some music to my library,,,
i'd like add some music to my library,,,
i'd like add some music to my library,,,
i'd like to add a song to a playlist,,,
i'd like to add a song to a playlist,,,
i'd like to add a song to my it playlist,it,,
i'd like to add fifth to my collection,,fifth,
i'd like to add givin n takin feat danny seth dej loaf to my collection,,givin n takin feat danny seth dej loaf,
i'd like to add my immortal to my collection,,my immortal,
i'd like to add ocho cinco to my collection,,ocho cinco,
i'd like to add reckless to my collection,,reckless,
i'd like to add seventh one to my collection,,seventh one,
i'd like to add something to my music library,,,
i'd like to add something to my music library,,,
i'd like to add something to my music library,,,
i'd like to add songs to my all time favorites playlist,all time favorites,,
i'd like to add the fallout to my collection,,the fallout,
i'd like to add third to my collection,,third,
i'd like to save a tragic world record song,,a tragic world record,
i'd like to save because you're mine song,,because you're mine,
i'd like to save the last song,,the last,
i'd like to save the song ballad of a teenage queen by willow,,ballad of a teenage queen,willow
i'd like to save the song like a rolling stone by yngwie malmsteen,,like a rolling stone,yngwie malmsteen
i'd like to save the song requiem live in brighton by cupid,,requiem live in brighton,cupid
include get by side a remix feat jay z busta rhymes in a playlist,,get by side a remix feat jay z busta rhymes,
include internet friends in a playlist,,internet friends,
include lovely day 7 sunshine mix in a playlist,,lovely day 7 sunshine mix,
include second in a playlist,,second,
include welcome to hollywood album version song in my motown greats playlist,motown greats,welcome to hollywood album version,
let s add 1st person to my eighth one playlist,eighth one,1st person,
let s add a song to my inspired collection,inspired,,
let s add army of one to my last playlist,last,army of one,
let s add current song song to the tenth one playlist,tenth one,current song,
let s add current song to my ultimate playlist,ultimate,current song,
let s add exhale shoop shoop to my always on playlist,always on,exhale shoop shoop,
let s add last to my it playlist,it,last,
let s add nothing lasts forever to my it playlist,it,nothing lasts forever,
let s add symphony no 9 in d minor op 125 choral ii molto vivace to my fifth one playlist,fifth one,symphony no 9 in d minor op 125 choral ii molto vivace,
let s add tenth one to my last playlist,last,tenth one,
let s add track to my old time faves playlist,old time faves,track,
place like toy soldiers in my collection,,like toy soldiers,
place shine on in my collection,,shine on,
place side 4 pt 4 louder than words in my collection,,side 4 pt 4 louder than words,
place something i need in my collection,,something i need,
place suspicious minds in my collection,,suspicious minds,
place the first in my collection,,the first,
place third in my collection,,third,
please add a song to my the second playlist,the second,,
please add alone with you to my song library,,alone with you,
please add baby one more time davidson ospina radio mix to my music library,,baby one more time davidson ospina radio mix,
please add current dope song to my tenth one playlist,tenth one,current dope song,
please add current playing song to my music library,,current playing song,
please add let em know to my old stuff playlist,old stuff,let em know,
please add like real people do live in america to my three days grace playlist,three days grace,like real people do live in america,
please add paradise to my stuff i love playlist,stuff i love,paradise,
please add run run blood song to my pool party mix,pool party,run run blood,
please add seventh one to my song library,,seventh one,
please add sixth track to my party songs music,party songs,sixth,
please add sugar daddy theme from vinyl song to my first one mix,first one,sugar daddy theme from vinyl,
please add the future is now clean version to my music library,,the future is now clean version,
please add the ninth track to my second one music,second one,the ninth,
please add the song daddy piano tapes by zealand worship to my second one mix,second one,daddy piano tapes,zealand worship
please add the song fourth one by skillet to my afrobeats mix,afrobeats,fourth one,skillet
please add the song fourth one by the seventh to my fifth one mix,fifth one,fourth one,the seventh
please add the song my heart will go on by kellie pickler to my soundtrack songs mix,soundtrack songs,my heart will go on,kellie pickler
please add the song pata pata by annihilator to my flying mix,flying,pata pata,annihilator
please add the song sunday morning by sixth one to my classical mix,classical,sunday morning,sixth one
please add the tenth track to my the sixth music,the sixth,the tenth,
please add the third to my song library,,the third,
please add to my eighth one playlist,eighth one,,
please add to my eighth playlist,eighth,,
please add to my fifth one playlist,fifth one,,
please add west savannah track to my saved music,saved,west savannah,
please add young lust to my weird sounds playlist,weird sounds,young lust,
please put current song in my xmas playlist,xmas,current song,
please put god is movin in my last playlist,last,god is movin,
please put how can you be sure in my first playlist,first,how can you be sure,
please put looking for you in my that playlist,that,looking for you,
please put second one in my weekend is here playlist,weekend is here,second one,
please put this in my reggae playlist,reggae,this,
please save the song all i need is you live to my greatest hits from the 80s playlist,greatest hits from the 80s,all i need is you live,
please save the song behold a lady to my fourth one playlist,fourth one,behold a lady,
please save the song shelter from the storm to my library,,shelter from the storm,
please save the song sixth one to my brit divas playlist,brit divas,sixth one,
please save the song that ain't right to my library,,that ain't right,
please save the song this love to my library,,this love,
please save the song this to my library,,this,
put a song in my fifth mix,fifth,,
put a song in my lost in translation playlist,lost in translation,,
put a song in my no lyrics playlist,no lyrics,,
put a song in my playlists,,,
put academia into my music library,,academia,
put all around me in a playlist,,all around me,
put all i ever wanted in my weekend is here,weekend is here,all i ever wanted,
put all my love song in my the fifth collection,the fifth,all my love,
put black celebration into my family reunion mix,family reunion,black celebration,
put blaze it for days in a playlist,,blaze it for days,
put blinded by the light in my bomb ass songs playlist,bomb ass songs,blinded by the light,
put bout me feat problem iamsu song in my feel good playlist,feel good,bout me feat problem iamsu,
put change your mind into my music library,,change your mind,
put corrupt in my pre game music playlist,pre game music,corrupt,
put current dope song by their in my collection,,current dope song,their
put current dope song in my awesome mix,awesome,current dope song,
put current playing song in my airplane,airplane,current playing song,
put dear younger me song in my collection,,dear younger me,
put fair game song in my tenth playlist,tenth,fair game,
put fifth one in my collection,,fifth,
put first in my collection,,first,
put first one in a playlist,,first one,
put first one in my traveling playlist,traveling,first one,
put first song in my collection,,first,
put fool into my last one mix,last one,fool,
put fourth one song in my collection,,fourth one,
put goingtohell in my black girl magic playlist,black girl magic,goingtohell,
put goofy goober rock song in my this collection,this,goofy goober rock,
put hot n cold on my the fourth playlist,the fourth,hot n cold,
put i do all my dreamin there song in my family reunion collection,family reunion,i do all my dreamin there,
put i don t wanna die song in my the fourth collection,the fourth,i don t wanna die,
put i miss the misery in my seventh one playlist,seventh one,i miss the misery,
put if the lord wasn't walking by my side into my reggae playlist,reggae,if the lord wasn't walking by my side,
put kataklysm song in my funky collection,funky,song,kataklysm
put know your enemy song in my fourth playlist,fourth,know your enemy,
put last one one in my collection,,last one,
put last one s a message to pretty in rap songs playlist,rap songs,a message to pretty,last one
put made for you in my collection,,made for you,
put middle finga song in my collection,,middle finga,
put ninth one in my it playlist,it,ninth one,
put ninth one in my soundtrack songs playlist,soundtrack songs,ninth one,
put no church in the wild song in the 80s rock playlist,80s rock,no church in the wild,
put paradise remastered version in my collection,,paradise remastered version,
put pause in my third playlist,third,pause,
put piano wire into my sixth mix,sixth,piano wire,
put robin mark do you feel like i feel in my eighth one collection,eighth one,do you feel like i feel,robin mark
put same damn life song in the cool songs playlist,cool songs,same damn life,
put same mistake song in my first collection,first,same mistake,
put scott joplin s out of my mind live at the nokia theatre in my old faves collection,old faves,out of my mind live at the nokia theatre,scott joplin
put second one song in my collection,,second one,
put seven bridges road live version song in the british divas playlist,british divas,seven bridges road live version,
put seventh in my collection,,seventh,
put seventh one the fame mustique demo in my it collection,it,the fame mustique demo,seventh one
put sixth one in a playlist,,sixth one,
put song song in my collection,,song,
put sound and vision 2013 song in my collection,,sound and vision 2013,
put straight outta compton 2002 digital remaster into my this mix,this,straight outta compton 2002 digital remaster,
put summer in the winter one in my collection,,summer in the winter,
put survive in my sixth playlist,sixth,survive,
put sweet lullaby into my red white and blue playlist,red white and blue,sweet lullaby,
put tenth in my collection mix,collection,tenth,
put that in a playlist,,that,
put that into my jammin playlist,jammin,that,
put that old black magic song in my hot tub playlist,hot tub,that old black magic,
put that song in my collection,,that song,
put the john i'm only dancing again 2007 remastered into my college jams mix,college jams,john i'm only dancing again 2007 remastered,
put the second into my workout music mix,workout music,the second,
put the seventh in my x-mas playlist,x-mas,the seventh,
put the sixth in my collection,,the sixth,
put the song a lannister always pays his debts by sam ock in my work it playlist,work it,a lannister always pays his debts,sam ock
put the song aura in my library,,aura,
put the song christmas day in my library,,christmas day,
put the song deja vu album version in my library,,deja vu album version,
put the song fifth one by the last in my music collection,,fifth one,the last
put the song heartbeat song by luiza possi in my workout collection,workout,heartbeat song,luiza possi
put the song i am not alone by fourth one in my london beats collection,london beats,i am not alone,fourth one
put the song into my wake up mix,wake up,song,
put the song last by anitta in my this collection,this,last,anitta
put the song moog for love by pillar in my the eighth playlist,the eighth,moog for love,pillar
put the song ninth one by some of that in my sixth one playlist,sixth one,ninth one,some of that
put the song second one by feeder in my fun and funky collection,fun and funky,second one,feeder
put the song sixth one by brigitte bardot in my music collection,,sixth one,brigitte bardot
put the song the ninth by him in my music collection,,the ninth,him
put the song the sixth by tanya stephens in my funky playlist,funky,the sixth,tanya stephens
put the song the tenth by mcbusted in my music collection,,the tenth,mcbusted
put the song this track in my library,,this track,
put the tenth song in my hot tracks collection,hot tracks,the tenth,
put the tenth song in my pump it up playlist,pump it up,the tenth,
put this song one in my music library,,this song,
put this track by the first in my collection,,this track,the first
put this track in my run playlist,run,this track,
put time bomb into my the first mix,the first,time bomb,
put track in my fifth one mix,fifth one,track,
put we can make the world stop by second one in my collection,,we can make the world stop,second one
put what are you doing new year s eve song in my rap songs playlist,rap songs,what are you doing new year s eve,
put yo-yo ma that track in my road trippin collection,road trippin,that track,yo-yo ma
put you had me hello in a playlist,,you had me hello,
save 2yl by last one on my all time favorites playlist,all time favorites,2yl,last one
save a song to my bedtime playlist,bedtime,,
save a song to my no lyrics playlist,no lyrics,,
save black spasmodic one in a playist,,black spasmodic,
save bright lights live to my music collection,,bright lights live,
save bulletproof heart song to my collection,,bulletproof heart,
save change your ticket song to my music,,change your ticket,
save cheap thrills nomero remix to my music collection,,cheap thrills nomero remix,
save coulda been sound song to a playlist,,coulda been sound,
save country boy to my ultimate playlist,ultimate,country boy,
save current dope song to my music collection,,current dope song,
save current playing song song to a playlist,,current playing song,
save dance like we're making love by ben harper in my last one collection,last one,dance like we're making love,ben harper
save daughter live to the playlist called killin it,killin it,daughter live,
save diamond dogs live nassau coliseum 76 by him to a collection,,diamond dogs live nassau coliseum 76,him
save dog breath in the year of the plague song to a playlist,,dog breath in the year of the plague,
save doin dirt to my the sixth playlist,the sixth,doin dirt,
save dorothy dandridge eyes feat esperanza spalding to my the third playlist,the third,dorothy dandridge eyes feat esperanza spalding,
save fade by volbeat to a collection,,fade,volbeat
save fifth track to my dope stuff playlist,dope stuff,fifth,
save first one by the third to my playlists,,first one,the third
save first one song to a playlist,,first one,
save first one to my korean playlist,korean,first one,
save first song to a playlist,,first,
save fits ya good in my collection,,fits ya good,
save forever man to my playlist,,forever man,
save fourth to the playlist called dope beats,dope beats,fourth,
save friends by some of that in my my music collection,my music,friends,some of that
save get loose one in a playist,,get loose,
save go glow to my the fifth playlist,the fifth,go glow,
save happy xmas war is over with the patrick williams orchestra one in a playist,,happy xmas war is over with the patrick williams orchestra,
save i am song to a playlist,,i am,
save i'll be missing you feat 112 song to my music,,i'll be missing you feat 112,
save if you want a bad boy by current singer on my bbq playlist,bbq,if you want a bad boy,current singer
save it s all over by second one on my my favorites playlist,my favorites,it s all over,second one
save last to the playlist called acoustic,acoustic,last,
save last track to my eighth playlist,eighth,last,
save last track to my fifth one playlist,fifth one,last,
save lonesome street by jill johnson on my the second playlist,the second,lonesome street,jill johnson
save margarita to my rockin vibes playlist,rockin vibes,margarita,
save miike snow s this song to my hot hits collection,hot hits,this song,miike snow
save music box by tad on my pool time playlist,pool time,music box,tad
save music to my first one playlist,first one,,
save music to my new stuff playlist,new stuff,,
save music to my no lyrics playlist,no lyrics,,
save music to my the eighth playlist,the eighth,,
save music to my work out playlist,work out,,
save my beloved by her to a collection,,my beloved,her
save next in line by goanna to a collection,,next in line,goanna
save ninth one by fourth on my go hard playlist,go hard,ninth one,fourth
save ninth one s song stutter double take remix to my bored at work playlist,bored at work,stutter double take remix,ninth one
save no scrubs by that band on my inspirational playlist,inspirational,no scrubs,that band
save oh carolina live from the woods in my ninth one playlist,ninth one,oh carolina live from the woods,
save paintbox 2016 remastered version to my music collection,,paintbox 2016 remastered version,
save red light special to my work it playlist,work it,red light special,
save save your life to my music collection,,save your life,
save say you will by billy vaughn in my ninth collection,ninth,say you will,billy vaughn
save second one one in a playist,,second one,
save second one song to a playlist,,second one,
save serotonia to my that playlist,that,serotonia,
save sixth one by this musician in my eighth one collection,eighth one,sixth one,this musician
save sixth one in a playist,,sixth,
save soldier to my the sixth mix,the sixth,soldier,
save some songs to my fifth playlist,fifth,,
save some songs to my ninth playlist,ninth,,
save some songs to my the second playlist,the second,,
save something to my pool time playlist,pool time,,
save something to my the sixth playlist,the sixth,,
save song song in my music,,song,
save stone temple pilots s third to my starred collection,starred,third,stone temple pilots
save that song by the first on my eighth one playlist,eighth one,that song,the first
save that song to my third one playlist,third one,that song,
save that track song to my collection,,that track,
save the fifth s acoustic 3 to my house mix collection,house mix,acoustic 3,the fifth
save the fifth song ninth one in my music,,ninth one,fifth
save the fifth track to my collection playlist,collection,the fifth,
save the first song to a playlist,,the first,
save the last song,,the last,
save the local to my madonna collection,madonna,local,
save the long black veil live to my pre game music playlist,pre game music,the long black veil live,
save the lose yourself to dance to my beast mode collection,beast mode,lose yourself to dance,
save the love you too much to my the first collection,the first,love you too much,
save the marcus marr chet faker song don't be light in my music,,don't be light,marcus marr chet faker
save the rubens s song army to my kids playlist,kids,army,the rubens
save the seventh by that band on my the fifth playlist,the fifth,the seventh,that band
save the seventh song,,the seventh,
save the song black moses feat priscilla renea to my collection,,black moses feat priscilla renea,
save the song carol of the drum little drummer boy to my seventh one playlist,seventh one,carol of the drum little drummer boy,
save the song changing tides by that,,changing tides,that
save the song lately to my the fifth playlist,the fifth,lately,
save the song run it to my seventh playlist,seventh,run it,
save the song supersonic by peter hollens,,supersonic,peter hollens
save the song the fourth by last,,the fourth,last
save the song the sixth by band,,the sixth,band
save the song the sky s the limit by them,,the sky s the limit,them
save the song this song to my studying music playlist,studying music,this song,
save the song this track by singer to my always on playlist,always on,this track,singer
save the song yes sir i can boogie by billy fury,,yes sir i can boogie,billy fury
save the tenth avenue freeze-out to my the eighth collection,the eighth,tenth avenue freeze-out,
save the tenth by the naked and famous on my twerk playlist,twerk,the tenth,the naked and famous
save the tenth song to a playlist,,the tenth,
save the tenth song to my music,,the tenth,
save the tenth to my second one collection,second one,tenth,
save the track to my cookout collection,cookout,track,
save the underachievers s song dark night to my the third playlist,the third,dark night,the underachievers
save the urban rescue song eighth in my music,,eighth,urban rescue
save these days track to my the ninth playlist,the ninth,these days,
save think like a man by fightstar on my fifth playlist,fifth,think like a man,fightstar
save third by tavares to a collection,,third,tavares
save third one track in my the second playlist,the second,third one,
save this by genetikk to a collection,,this,genetikk
save this song song to my collection,,this song,
save this song song to my music,,this song,
save this track to my fourth one playlist,fourth one,this,
save unstoppable track to my marathon playlist,marathon,unstoppable,
save wet dreamz in my collection,,wet dreamz,
save who is it to my hood mix,hood,who is it,
save yesterdays to my music collection,,yesterdays,
save you've lost that lovin feelin by freddie hubbard to my playlists,,you've lost that lovin feelin,freddie hubbard
save your heart is a muscle by nicky jam on my driving mix playlist,driving mix,your heart is a muscle,nicky jam
save zeitgeist by dame joan sutherland to my playlists,,zeitgeist,dame joan sutherland
sort all eyes on you feat chris brown nicki minaj song in my hood playlist,hood,all eyes on you feat chris brown nicki minaj,
sort eighth song in my experimental playlist,experimental,eighth,
sort glorious song in my lost in translation playlist,lost in translation,glorious,
sort last song in my the third playlist,the third,last,
sort make you feel my love song in my cookout playlist,cookout,make you feel my love,
sort something into a playlist,,,
sort something into a playlist,,,
throw rebel soul song into the the last playlist,the last,rebel soul,
throw why you wanna treat me so bad song into the the fourth playlist,the fourth,why you wanna treat me so bad,
you need to add the ocean to my collection,,the ocean,
