RestaurantSearchResponse,RestaurantSearchLocation,RestaurantSearchCuisine,RestaurantSearchPrice,RestaurantSearchSortBy
5 star restaurants,,,,5 star
5 star restaurants,,,,5 star
5 star restaurants,,,,5 star
advise chinese restaurants,,chinese,,
advise udon restaurants,,udon,,
any good french restaurants in budapest,budapest,french,,
any good georgian restaurants in budapest,budapest,georgian,,
any good irish restaurants in budapest,budapest,irish,,
any good kopitiam restaurants in budapest,budapest,kopitiam,,
any good scottish restaurants in third,third,scottish,,
any good slovakian restaurants in budapest,budapest,slovakian,,
any nice place to dine the eighth,the eighth,,,
are there any 4 star yelp friulan places around,around,friulan,,4 star
are there any auvergnat restaurants in downtown reno,downtown reno,auvergnat,,
are there any central brazilian restaurants in harrisburg pa,harrisburg pa,central brazilian,,
are there any czech near me in houston,houston,czech,,
are there any good german food restaurants close to me,close to me,german,,
are there any good greek food restaurants close to me,close to me,greek,,
are there any good meatballs food restaurants close to me,close to me,meatballs,,
are there any good ottoman cuisine food restaurants close to me,close to me,ottoman cuisine,,
are there any hunan restaurants in harrisburg pa,harrisburg pa,hunan,,
are there any malaysian near me in eighth one,eighth one,malaysian,,
are there any new cantonese places in provo,provo,cantonese,,
are there any new hainan places in provo,provo,hainan,,
are there any new hungarian places in provo,provo,hungarian,,
are there any new meatballs places in provo,provo,meatballs,,
are there any new ottoman cuisine places in provo,provo,ottoman cuisine,,
are there any new singaporean places in provo,provo,singaporean,,
are there any new tacos places in seventh,seventh,tacos,,
are there any northern mexican places downtown on yelp,downtown,northern mexican,,
are there any puerto rican restaurants in the sixth,the sixth,puerto rican,,
are there any russian near me in ninth,ninth,russian,,
are there bistros restaurants in trivandrum,trivandrum,bistros,,
are there british restaurants in that location,that location,british,,
are there german restaurants in trivandrum,trivandrum,german,,
are there german restaurants in trivandrum,trivandrum,german,,
are there mexican restaurants in trivandrum,trivandrum,mexican,,
are there sandwiches restaurants in trivandrum,trivandrum,sandwiches,,
are there tamales restaurants in trivandrum,trivandrum,tamales,,
argentine restaurants near 77084,77084,argentine,,
assist me in finding a cambodian eatery within 15 miles of my location,15 miles of my location,cambodian,,
asturian restaurants in san francisco,san francisco,asturian,,
beer hall restaurants near me with great reviews,near me,beer hall,,
beira restaurant near me,near me,beira,,
best comfort food restaurants in illinois,illinois,comfort food,,
best corsican restaurants on yelp that,that,corsican,,
best galician restaurants in illinois,illinois,galician,,
best izakaya restaurants in illinois,illinois,izakaya,,
best nikkei food near me,near me,nikkei,,
best rated asturian in courtice,courtice,asturian,,best rated
best rated german in courtice,courtice,german,,best rated
best rated island pub in courtice,courtice,island pub,,best rated
best rated madeira in courtice,courtice,madeira,,best rated
best rated soba in tenth,tenth,soba,,best rated
best rated soup in courtice,courtice,soup,,best rated
best restaurants in my area on yelp,my area,,,best
best restaurants in ninth,ninth,,,best
best restaurants in second one,second one,,,best
best restaurants in washington dc,washington dc,,,best
best roman restaurants on yelp near me,near me,roman,,
best scottish restaurant close to me,close to me,scottish,,
best scottish restaurants on yelp near me,near me,scottish,,
best spanish restaurants on yelp near me,near me,spanish,,
best traditional swedish food near me,near me,traditional swedish,,
blowfish restaurants cleveland oh,cleveland oh,blowfish,,
bourguignon restaurants in my area,my area,bourguignon,,
bulgarian in fourth one on yelp,fourth one,bulgarian,,
cajun creole in courtice,courtice,cajun creole,,
cajun creole restaurants near eighth,eighth,cajun creole,,
can you find a good bulgarian restaurant there,there,bulgarian,,
can you find a good eastern european restaurant third,third,eastern european,,
can you find a high rated fast food restaurant in that location,that location,fast food,,high rated
can you find a high rated hungarian restaurant in milwaukee,milwaukee,hungarian,,high rated
can you find me a good african restaurant near me on yelp,near me,african,,
can you find me a good eastern mexican restaurant near me on yelp,near me,eastern mexican,,
can you find me a good ottoman cuisine restaurant in this on yelp,this,ottoman cuisine,,
can you find me a good reunion restaurant the fourth on yelp,the fourth,reunion,,
can you find me a good takoyaki restaurant in los angeles on yelp,los angeles,takoyaki,,
can you help me find a restaurant near me that is cheap and sells asturian,near me,asturian,cheap,
can you help me find a restaurant near me that is cheap and sells tex-mex,near me,tex-mex,cheap,
can you recommend a good african restaurant in north las vegas,north las vegas,african,,
can you recommend a good horumon restaurant in north las vegas,north las vegas,horumon,,
can you recommend a good thai restaurant in north las vegas,north las vegas,thai,,
can you tell me a good provencal restaurant sixth one,sixth one,provencal,,
can you tell me a good puerto rican restaurant the fourth,the fourth,puerto rican,,
cantonese in cape coral florida,cape coral florida,cantonese,,
caribbean restaurant nearby,nearby,caribbean,,
cheap chinese food in tenth one,tenth one,chinese,cheap,
cheap oyakodon food in littleton,littleton,oyakodon,cheap,
check yelp for canadian restaurants last,last,canadian,,
check yelp for food court restaurants nearby,nearby,food court,,
check yelp for georgian restaurants nearby,nearby,georgian,,
check yelp for rodizios restaurants nearby,nearby,rodizios,,
closest galician restaurants,closest,galician,,
closest gluten-free food in oxford,oxford,gluten-free,,
closest mongolian food in oxford,oxford,mongolian,,
closest northern mexican food in oxford,oxford,northern mexican,,
colombian along the route home,route home,colombian,,
could you find cafeteria restaurants in denver for me,denver,cafeteria,,
creperies restaurants in first one,first one,creperies,,
dining out options for colombian,,colombian,,
dining out options for rhinelandian,,rhinelandian,,
dining out options for rodizios,,rodizios,,
dinner theater food restaurants,,dinner theater,,
fiind norcinerie restaurant in high wycombe,high wycombe,norcinerie,,
fiind peruvian restaurant in high wycombe,high wycombe,peruvian,,
find a 4 star or high rated hong kong style cafe restaurant within 25 miles,within 25 miles,hong kong style cafe,,4 star
find a 4 star or high rated night food restaurant within 25 miles,within 25 miles,night food,,4 star
find a 4 star or high rated potatoes restaurant within 25 miles,within 25 miles,potatoes,,4 star
find a 4 star or high rated yakitori restaurant within 25 miles,within 25 miles,yakitori,,4 star
find a 5 star homemade food restaurant,,homemade food,,5 star
find a 5 star robatayaki restaurant,,robatayaki,,5 star
find a bangladeshi food restaurante in ninth one,ninth one,bangladeshi,,
find a burmese food restaurante in san diego california,san diego california,burmese,,
find a calabrian restaurant near me,near me,calabrian,,
find a chicken shop food restaurante in san diego california,san diego california,chicken shop,,
find a diners restaurant closest to the detroit metro airport,detroit metro airport,diners,,
find a emilian restaurant closest to the detroit metro airport,detroit metro airport,emilian,,
find a german food restaurante in san diego california,san diego california,german,,
find a good buffets place,,buffets,,
find a good cafes place,,cafes,,
find a good delis in that location,that location,delis,,
find a good german in the first,the first,german,,
find a good kurdish place,,kurdish,,
find a good potatoes place,,potatoes,,
find a good swabian place,,swabian,,
find a good vegan place,,vegan,,
find a good waffles place,,waffles,,
find a greek food restaurante in san diego california,san diego california,greek,,
find a gyudon restaurant closest to the detroit metro airport,detroit metro airport,gyudon,,
find a gyudon restaurant in the fifth one area,fifth one,gyudon,,
find a hawaiian restaurant closest to the detroit metro airport,detroit metro airport,hawaiian,,
find a kopitiam restaurant near south central la,south central la,kopitiam,,
find a kosher food restaurante in san diego california,san diego california,kosher,,
find a laos restaurant near me,near me,laos,,
find a ligurian food restaurante in san diego california,san diego california,ligurian,,
find a mediterranean restaurant near me,near me,mediterranean,,
find a nearby apulian place on yelp,nearby,apulian,,
find a nearby norcinerie restaurant on yelp,nearby,norcinerie,,
find a nearby salvadoran restaurant on yelp,nearby,salvadoran,,
find a nearby yakiniku restaurant on yelp,nearby,yakiniku,,
find a new american restaurant near first,first,new american,,
find a nice austrian restaurant in my city on yelp,my city,austrian,,
find a nice slovakian restaurant in my city on yelp,my city,slovakian,,
find a northern german restaurant near me,near me,northern german,,
find a oden restaurant in the the fourth area,the fourth,oden,,
find a restaurant that sells brazilian empanadas in nigeria on yelp,nigeria,brazilian empanadas,,
find a restaurant that sells ethiopian in nigeria on yelp,nigeria,ethiopian,,
find a restaurant that serves hainan,,hainan,,
find a restaurant that serves hand rolls,,hand rolls,,
find a restaurant that serves rice,,rice,,
find a restaurant that serves syrian,,syrian,,
find a restaurant which has korean right now in los angeles,los angeles,korean,,
find a restaurant which has malaysian right now in los angeles,los angeles,malaysian,,
find a restaurant which has waffles right now in los angeles,los angeles,waffles,,
find a sandwiches food restaurant near 567th street san diego,567th street san diego,sandwiches,,
find a szechuan restaurant closest to the detroit metro airport,detroit metro airport,szechuan,,
find a traditional swedish restaurant in the detroit metro area,detroit metro,traditional swedish,,
find a unagi restaurant closest to the the last,the last,unagi,,
find algarve restaurants in the beaverton area on yelp,beaverton,algarve,,
find all argentine places within five miles of spencerport new york,spencerport new york,argentine,,
find all flemish places within five miles of eighth,eighth,flemish,,
find all fuzhou places within five miles of spencerport new york,spencerport new york,fuzhou,,
find all indonesian places within five miles of spencerport new york,spencerport new york,indonesian,,
find all tabernas places within five miles of there,there,tabernas,,
find altoatesine restaurant within 2 kilometers of current coordinates,2 kilometers,altoatesine,,
find an traditional norwegian restaurant within 25 miles that has a rating of 4 stars or higher,,traditional norwegian,,4 stars or higher
find apulian restaurants on yelp in manhattan,manhattan,apulian,,
find arab pizza restaurants in london,london,arab pizza,,
find arabian in tupelo mississippi on yelp,tupelo mississippi,arabian,,
find australian restaurants in second one on yelp,second one,australian,,
find baguettes restaurants in oneonta new york,oneonta new york,baguettes,,
find beer garden restaurant near my home based on distance and rating,near my home,beer garden,,rating
find beisl restaurants in new york,new york,beisl,,
find beisl restaurants in second one,second one,beisl,,
find best apulian restaurant on broadway,broadway,apulian,,best
find best czech restaurant on broadway,broadway,czech,,best
find best friulan restaurant on broadway,broadway,friulan,,best
find best middle eastern restaurant on broadway,broadway,middle eastern,,best
find best pierogis restaurant on broadway,broadway,pierogis,,best
find best ribatejo restaurant on broadway,broadway,ribatejo,,best
find bistros restaurants in long beach,long beach,bistros,,
find bistros restaurants in new york on yelp,new york,bistros,,
find black sea places in columbia sc,columbia sc,black sea,,
find brazilian empanadas in midtown,midtown,brazilian empanadas,,
find brazilian empanadas restaurant near my home based on distance and rating,near my home,brazilian empanadas,,rating
find buffets in chicago,chicago,buffets,,
find cafeteria places in columbia sc,columbia sc,cafeteria,,
find chicken shop in yelp,,chicken shop,,
find chicken wings food on yelp within 5 miles of my current location,within 5 miles,chicken wings,,
find chicken wings restaurants in virginia beach on yelp,virginia beach,chicken wings,,
find closest restaurant,closest,,,
find creperies restaurants near me,near me,creperies,,
find creperies restaurants near me,near me,creperies,,
find cypriot restaurants near me,near me,cypriot,,
find cypriot restaurents in yuba city,yuba city,cypriot,,
find czech/slovakian restaurants near me on yelp,near me,czech/slovakian,,
find czech/slovakian restaurants on yelp in boston massachusetts,boston massachusetts,czech/slovakian,,
find danish restaurants within 30 mile radius,within 30 mile radius,danish,,
find delis restaurants in boise idaho that have reviews on yelp,boise idaho,delis,,
find diners at pico blvd los angeles,pico blvd los angeles,diners,,
find dominican restaurants in my hood,my hood,dominican,,
find eastern german restaurants in london,london,eastern german,,
find eastern mexican restaurants in second one that have reviews on yelp,second one,eastern mexican,,
find eastern mexican restaurants in the beaverton area on yelp,beaverton,eastern mexican,,
find emilian restaurants near me,near me,emilian,,
find ethiopian restaurants near me,near me,ethiopian,,
find falafel restaurents in yuba city,yuba city,falafel,,
find filipino food restaurant near by,near by,filipino,,
find filipino restaurants in oneonta new york,oneonta new york,filipino,,
find five-star restaurants in murray kentucky please,murray kentucky,,,five-star
find five-star restaurants in murray kentucky please,murray kentucky,,,five-star
find french southwest restaurants in boise idaho that have reviews on yelp,boise idaho,french southwest,,
find good places for conveyor belt sushi in larchmont,larchmont,conveyor belt sushi,,
find hand rolls food near me on yelp,near me,hand rolls,,
find highest rated eastern german in athens georgia on yelp,athens georgia,eastern german,,highest rated
find highest rated rumanian restaurant in orlando fl,orlando fl,rumanian,,highest rated
find highest rated soba restaurant in there,there,soba,,highest rated
find hong kong style cafe restaurants in the that place area on yelp,that place,hong kong style cafe,,
find horumon reviews vancouver washington,vancouver washington,horumon,,
find hungarian restaurants within 40 miles of me,within 40 miles of me,hungarian,,
find iberian cuisine restaurants in 2 mile radius,2 mile radius,iberian,,
find izakaya cuisine restaurants in 2 mile radius,2 mile radius,izakaya,,
find jaliscan near me,near me,jaliscan,,
find jaliscan restaurants near me,near me,jaliscan,,
find japanese curry food on yelp within 5 miles of my current location,within 5 miles,japanese curry,,
find laos restaurants in the tenth,the tenth,laos,,
find ligurian restaurants in london,london,ligurian,,
find local chicken shop food restaurants with a 4 star rating or better,,chicken shop,,4 star
find local fuzhou food restaurants with a 4 star rating or better,,fuzhou,,4 star
find local japanese curry food restaurants with a 4 star rating or better,,japanese curry,,4 star
find local mauritius food restaurants with a 4 star rating or better,,mauritius,,4 star
find malaysian food restaurant near by,near by,malaysian,,
find me a alentejo restaurant in the first,the first,alentejo,,
find me a asian fusion restaurant in allerton uk,allerton uk,asian fusion,,
find me a cafeteria restaurant in the fourth,the fourth,cafeteria,,
find me a chicken wings restaurant in paris,paris,chicken wings,,
find me a eastern mexican restaurant on yelp,,eastern mexican,,
find me a filipino restaurant in ninth one,ninth one,filipino,,
find me a four star baguettes restaurant the sixth on yelp,the sixth,baguettes,,four star
find me a four star comfort food restaurant near me on yelp,near me,comfort food,,four star
find me a four star fischbroetchen restaurant near me on yelp,near me,fischbroetchen,,four star
find me a four star giblets restaurant near me on yelp,near me,giblets,,four star
find me a four star napoletana restaurant the second on yelp,the second,napoletana,,four star
find me a four star teochew restaurant near me on yelp,near me,teochew,,four star
find me a good hunan restaurant in london,london,hunan,,
find me a good modern european restaurant around dallas,dallas,modern european,,
find me a good okinawan restaurants in daytona,daytona,okinawan,,
find me a good turkish place in a third one area,third one,turkish,,
find me a hong kong style cafe restaurant in paris,paris,hong kong style cafe,,
find me a irish restaurant in paris,paris,irish,,
find me a irish shop seventh my current location,seventh,irish,,
find me a island pub restaurant in paris,paris,island pub,,
find me a laotian restaurant in the sixth,the sixth,laotian,,
find me a local roman restaurant within 5 miles,within 5 miles,roman,,
find me a local trattorie restaurant the tenth,the tenth,trattorie,,
find me a moroccan shop first one my current location,first one,moroccan,,
find me a northern german restaurant in second one,second one,northern german,,
find me a oden restaurant in paris,paris,oden,,
find me a pf/comercial restaurant in boston,boston,pf/comercial,,
find me a raw food restaurant in new york city,new york city,raw food,,
find me a restaurant that serves cantonese in bayonne new jersey,bayonne new jersey,cantonese,,
find me a restaurant that serves creperies in bayonne new jersey,bayonne new jersey,creperies,,
find me a swiss food restaurant in the ninth,the ninth,swiss food,,
find me a tonkatsu restaurant in new york city,new york city,tonkatsu,,
find me a turkish ravioli restaurant in philly,philly,turkish ravioli,,
find me a yakitori shop nearby my current location,nearby,yakitori,,
find me an palatine restaurant on yelp with 4 stars within 3 miles of my house,within 3 miles of my house,palatine,,4 stars
find me arroceria / paella restaurant ratings in atlanta,atlanta,arroceria / paella,,
find me arroceria / paella restaurants in the pasadena maryland area,pasadena maryland,arroceria / paella,,
find me auvergnat restaurants in fifth one,fifth one,auvergnat,,
find me burmese restaurants near 80120,80120,burmese,,
find me canadian restaurants within 30km,within 30km,canadian,,
find me chee kufta food in oxford,oxford,chee kufta,,
find me chicken shop restaurants third one,third one,chicken shop,,
find me chicken wings food in oxford,oxford,chicken wings,,
find me conveyor belt sushi food nearby,nearby,conveyor belt sushi,,
find me cypriot in my area on yelp,my area,cypriot,,
find me eastern mexican food in oxford,oxford,eastern mexican,,
find me falafel restaurant ratings in atlanta,atlanta,falafel,,
find me gastropubs food the seventh,the seventh,gastropubs,,
find me gastropubs restaurants in the pasadena maryland area,pasadena maryland,gastropubs,,
find me german in my area on yelp,my area,german,,
find me hakka restaurants near 80120,80120,hakka,,
find me hot dogs restaurants near littleton co,littleton co,hot dogs,,
find me japanese restaurants near littleton co,littleton co,japanese,,
find me madeira restaurants near 80120,80120,madeira,,
find me milk bars restaurants in berlin,berlin,milk bars,,
find me nearest hawaiian in orchard road,orchard road,hawaiian,,
find me nearest nikkei in orchard road,orchard road,nikkei,,
find me nearest pub food in orchard road,orchard road,pub food,,
find me nearest scottish in orchard road,orchard road,scottish,,
find me nicoise restaurants this,this,nicoise,,
find me northeastern brazilian restaurants near 80120,80120,northeastern brazilian,,
find me northern brazilian restaurant in california that serves best burgers,california,northern brazilian,,best
find me places to eat in san antonio,san antonio,,,
find me places to eat in san antonio,san antonio,,,
find me places to eat in san antonio,san antonio,,,
find me places to eat in san antonio,san antonio,,,
find me places to eat in third,third,,,
find me schnitzel in my area on yelp,my area,schnitzel,,
find me some great asian fusion places nearby,nearby,asian fusion,,
find me swiss food food sixth,sixth,swiss food,,
find me taiwanese food nearby,nearby,taiwanese,,
find me teochew restaurants within 30km,within 30km,teochew,,
find me teppanyaki restaurants in the pasadena maryland area,pasadena maryland,teppanyaki,,
find me tex-mex restaurants in boston massachusetts,boston massachusetts,tex-mex,,
find me the best african restaurants in barcelona,barcelona,african,,
find me the best apulian restaurants in barcelona,barcelona,apulian,,
find me the best cafes restaurants in victoria london,victoria london,cafes,,
find me the best heuriger second one,second one,heuriger,,
find me the best hokkien eighth,eighth,hokkien,,
find me the best pub food tenth,tenth,pub food,,
find me the best restaurants for romanian in hollywood,hollywood,romanian,,best
find me the best thai restaurants in barcelona,barcelona,thai,,
find me the best uzbek restaurants in barcelona,barcelona,uzbek,,
find me the best vietnamese restaurants in barcelona,barcelona,vietnamese,,
find me the five nearest kopitiam restaurant within 5km,within 5km,kopitiam,,
find me tuscan food nearby,nearby,tuscan,,
find me tuscan restaurant ratings in atlanta,atlanta,tuscan,,
find me vegetarian restaurants near here,near here,vegetarian,,
find me waffles food in oxford,oxford,waffles,,
find me yelp links for beer hall food places in new york,new york,beer hall,,
find me yelp links for lahmacun food places in new york,new york,lahmacun,,
find me yelp links for meatballs food places in new york,new york,meatballs,,
find me yelp links for senegalese food places in new york,new york,senegalese,,
find me yelp links for yakiniku food places in new york,new york,yakiniku,,
find medium priced restaurants on broadway,broadway,,medium,
find middle eastern at istanbul in yelp,istanbul,middle eastern,,
find middle eastern in new york on yelp,new york,middle eastern,,
find mongolian restaurants near me,near me,mongolian,,
find my eighth australian restaurant,eighth,australian,,
find my fifth israeli restaurant,fifth,israeli,,
find my local szechuan restaurant,local,szechuan,,
find nearby canadian restaurants in chicago,chicago,canadian,,
find nearby onigiri restaurants on yelp,nearby,onigiri,,
find nearby tavola calda restaurants in chicago,chicago,tavola calda,,
find nearby traditional american restaurants on yelp,nearby,traditional american,,
find new american restaurants on yelp in boston massachusetts,boston massachusetts,new american,,
find open sandwiches food on yelp near my location,near my location,open sandwiches,,
find open sandwiches restaurants in los angeles,los angeles,open sandwiches,,
find out which restaurants are providing gluten-free in san francisco on yelp,san francisco,gluten-free,,
find oyakodon restaurant that location,that location,oyakodon,,
find pakistani resteraunt near me,near me,pakistani,,
find palatine restaurants in my hood,my hood,palatine,,
find persian/iranian in houston,houston,persian/iranian,,
find persian/iranian restaurants near me,near me,persian/iranian,,
find peruvian restaurants in new york,new york,peruvian,,
find pf/comercial in athens georgia on yelp,athens georgia,pf/comercial,,
find piemonte in midtown,midtown,piemonte,,
find places to eat nearby,nearby,,,
find places to eat the fourth,the fourth,,,
find pop-up restaurants restaurants in the the first area on yelp,the first,pop-up restaurants,,
find poutineries food restaurant near by,near by,poutineries,,
find recommendation on the best peruvian restaurants,,peruvian,,
find restaurant on czech/slovakian food in delhi,delhi,czech/slovakian,,
find restaurants around me on yelp,around me,,,
find restaurants around me on yelp,around me,,,
find restaurants around me on yelp,around me,,,
find restaurants around me on yelp,around me,,,
find restaurants around me on yelp,around me,,,
find restaurants close to me on yelp,close to me,,,
find restaurants close to me on yelp,close to me,,,
find restaurants in bloomington in that serve ethiopian food on yelp,bloomington in,ethiopian,,
find restaurants in columbia,columbia,,,
find restaurants in columbia,columbia,,,
find restaurants in columbia,columbia,,,
find restaurants in columbia,columbia,,,
find restaurants in columbia,columbia,,,
find restaurants in columbia,columbia,,,
find restaurants in columbia,columbia,,,
find restaurants in columbia,columbia,,,
find restaurants in columbia,columbia,,,
find restaurants in murray kentucky please,murray kentucky,,,
find restaurants in murray kentucky please,murray kentucky,,,
find restaurants in that,that,,,
find restaurants in the sixth that serve waffles food on yelp,the sixth,waffles,,
find restaurants near me,near me,,,
find restaurants near me,near me,,,
find restaurants near me on yelp,near me,,,
find restaurants near me on yelp,near me,,,
find restaurants near me on yelp,near me,,,
find restaurants near me on yelp,near me,,,
find restaurants near me on yelp,near me,,,
find restaurants near my location,near my location,,,
find restaurants near my location,near my location,,,
find restaurants near my location,near my location,,,
find restaurants nearby that are reviewed on yelp,nearby,,,
find restaurants nearby that are reviewed on yelp,nearby,,,
find restaurants nearby that are reviewed on yelp,nearby,,,
find restaurants offering vietnamese in los angeles on yelp,los angeles,vietnamese,,
find restaurants that would be good for a business meeting,,,business meeting,
find restaurants that would be good for a business meeting,,,business meeting,
find restaurants the fifth,the fifth,,,
find restaurants the second,the second,,,
find restaurants there on yelp,there,,,
find restaurants within first,first,,,
find restaurants within one mile,one mile,,,
find restaurants within one mile,one mile,,,
find ribatejo in hollywood,hollywood,ribatejo,,
find ribatejo in yelp,,ribatejo,,
find rice restaurants in my hood,my hood,rice,,
find rice restaurants on yelp in first,first,rice,,
find rodizios food restaurant the sixth,the sixth,rodizios,,
find salvadoran restaurants near me,near me,salvadoran,,
find sardinian restaurants in london,london,sardinian,,
find seafood restaurants in boise idaho that have reviews on yelp,boise idaho,seafood,,
find senegalese restaurants near me,near me,senegalese,,
find serbo croatian restaurants in london,london,serbo croatian,,
find sicilian restaurant allentown pa,allentown pa,sicilian,,
find sicilian restaurants in london,london,sicilian,,
find signature cuisine restaurant near me,near me,signature cuisine,,
find signature cuisine restaurants on yelp in boston massachusetts,boston massachusetts,signature cuisine,,
find slovakian in seventh,seventh,slovakian,,
find soba restaurants eighth,eighth,soba,,
find something cheap to eat there,there,,cheap,
find something cheap to eat there,there,,cheap,
find south african restaurants on yelp in the fourth,the fourth,south african,,
find sri lankan restaurants on yelp near me,near me,sri lankan,,
find teochew restaurants in london,london,teochew,,
find tex-mex restaurants in london,london,tex-mex,,
find the best arabian restaurants in brooklyn,brooklyn,arabian,,
find the best azores restaurant in eighth one,eighth one,azores,,
find the best cuban restaurant in midtown,midtown,cuban,,
find the best cuban restaurants in brooklyn,brooklyn,cuban,,
find the best heuriger restaurant in eighth one,eighth one,heuriger,,
find the best italian restaurants in brooklyn,brooklyn,italian,,
find the best napoletana restaurant in midtown,midtown,napoletana,,
find the best rated restaurant in my town,my town,,,best rated
find the best rated restaurant in my town,my town,,,best rated
find the best rating restaurant on yelp that serves chicken shop cuisine in new york s time square,new york s time square,chicken shop,,best
find the best rating restaurant on yelp that serves dim sum cuisine in new york s time square,new york s time square,dim sum,,best
find the best rating restaurant on yelp that serves tamales cuisine in new york s time square,new york s time square,tamales,,best
find the best rating restaurant on yelp that serves vietnamese cuisine in new york s time square,new york s time square,vietnamese,,best
find the best scandinavian restaurant in midtown,midtown,scandinavian,,
find the best western style japanese food restaurant in midtown,midtown,western style japanese food,,
find the closest restaurants to home,home,,,
find the eighth one pakistani restaurant on yelp,eighth one,pakistani,,
find the highest reviewed burmese place in spencerport new york,spencerport new york,burmese,,highest reviewed
find the nearest filipino restaurant on yelp,nearest,filipino,,
find the nearest galician,nearest,galician,,
find the nearest mamak restaurant on yelp,nearest,mamak,,
find the nearest modern european,nearest,modern european,,
find the nearest portuguese restaurant on yelp,nearest,portuguese,,
find the nearest salad,nearest,salad,,
find the that location mamak restaurant on yelp,that location,mamak,,
find themed cafes restaurants in los angeles,los angeles,themed cafes,,
find there restaurant,there,,,
find tonkatsu in new york on yelp,new york,tonkatsu,,
find traditional swedish resteraunt near me,near me,traditional swedish,,
find tras-os-montes restaurants in long beach,long beach,tras-os-montes,,
find uzbek restaurants in my hood,my hood,uzbek,,
find vegetarian black sea restaurants in that location,that location,black sea,,
find vegetarian delis restaurants in trivandrum,trivandrum,delis,,
find vegetarian restaurant fourth one,fourth one,vegetarian,,
find vegetarian thai restaurants in trivandrum,trivandrum,thai,,
find vegetarian yakiniku restaurants in fourth one,fourth one,yakiniku,,
find venezuelan places in last one,last one,venezuelan,,
find western style japanese food food near me on yelp,near me,western style japanese food,,
find wok restaurants near me on yelp,near me,wok,,
find yakitori restaurants in my hood,my hood,yakitori,,
find yakitori resteraunt near me,near me,yakitori,,
find yelp pages for restaurants in first,first,,,
find yelp pages for restaurants in new york,new york,,,
find yelp pages for restaurants in new york,new york,,,
find yelp pages for restaurants in new york,new york,,,
find yelp pages for restaurants in new york,new york,,,
find yelp restaurants with the best reviews,,,,best
find yelp restaurants with the best reviews,,,,best
find yelp restaurants with the best reviews,,,,best
find yelp reviewed african restaurants sixth one,sixth one,african,,
find yelp reviewed flatbread restaurants near me,near me,flatbread,,
find yelp reviewed ribatejo restaurants near me,near me,ribatejo,,
find yelp reviewed schnitzel restaurants near me,near me,schnitzel,,
find yelp reviewed tex-mex restaurants near me,near me,tex-mex,,
find yelp reviews for fast food restaurants in the fourth,the fourth,fast food,,
find yucatan restaurants near me,near me,yucatan,,
find yugoslav restaurants tenth,tenth,yugoslav,,
fine dining eastern german food,,eastern german,fine dining,
get a list restaurants there,there,,,
get a list restaurants there,there,,,
get me restaurants that serve corsican food,,corsican,,
get me restaurants that serve minho food,,minho,,
get me restaurants that serve soba food,,soba,,
get me restaurants that serve venetian food,,venetian,,
get me some great burmese food places in seattle,seattle,burmese,,
get me some great horumon food places in seattle,seattle,horumon,,
get me some great northern mexican food places in seattle,seattle,northern mexican,,
get me some great ottoman cuisine food places in seattle,seattle,ottoman cuisine,,
get me some great swiss food food places in seattle,seattle,swiss food,,
get me some great tamales food places in eighth one,eighth one,tamales,,
give me a list of restaurant names nearby,nearby,,,
give me all of the fado houses restaurants in boston massachusetts,boston massachusetts,fado houses,,
give me all of the night food restaurants in last,last,night food,,
give me all of the tapas/small plates restaurants in boston massachusetts,boston massachusetts,tapas/small plates,,
give me choices on different fischbroetchen restaurants,,fischbroetchen,,
give me dim sum restaurants in windsor,windsor,dim sum,,
give me names of cafeteria restaurants in chicago il,chicago il,cafeteria,,
give me names of corsican restaurants in seventh one,seventh one,corsican,,
give me names of fischbroetchen restaurants in chicago il,chicago il,fischbroetchen,,
give me names of flemish restaurants in chicago il,chicago il,flemish,,
give me names of northern german restaurants in chicago il,chicago il,northern german,,
give me names of palatine restaurants in chicago il,chicago il,palatine,,
give me names of soul food restaurants in chicago il,chicago il,soul food,,
give me names of sri lankan restaurants in chicago il,chicago il,sri lankan,,
give me pierogis restaurants in windsor,windsor,pierogis,,
give me the yelp ratings for restaurants on main street,main street,,,
give me the yelp ratings for restaurants on main street,main street,,,
give me the yelp ratings for restaurants on main street,main street,,,
give me the yelp ratings for restaurants on main street,main street,,,
give me yelp recommendations,,,,
give me yelp recommendations,,,,
give me yelp recommendations,,,,
give me yelp recommendations,,,,
give me yelp recommendations,,,,
give restaurant list on falafel food at delhi,delhi,falafel,,
give restaurant list on open sandwiches food at the fifth,the fifth,open sandwiches,,
give the specific details of latin american restaurants in new york,new york,latin american,,
go to yelp and find me somewhere to eat austrian fifth one of me,fifth one,austrian,,
go to yelp and find me somewhere to eat modern australian within 5 miles of me,within 5 miles,modern australian,,
go to yelp and find me somewhere to eat vietnamese within 5 miles of me,within 5 miles,vietnamese,,
gozleme restaurants in access road greensboro,access road greensboro,gozleme,,
haitian restaurants in my area,my area,haitian,,
hand rolls restaurants near 11224,11224,hand rolls,,
hello i'm looking for an arroceria / paella restaurant in halifax,halifax,arroceria / paella,,
hello i'm looking for an comfort food restaurant in first one,first one,comfort food,,
hello i'm looking for an flemish restaurant in halifax,halifax,flemish,,
hello i'm looking for an venison restaurant in halifax,halifax,venison,,
hello i'm looking for an wok restaurant in first one,first one,wok,,
help me find an czech/slovakian restaurant the sixth of here,the sixth,czech/slovakian,,
help me find an modern european restaurant within 8 miles of here,within 8 miles,modern european,,
help me find an parent cafes restaurant within 8 miles of here,within 8 miles,parent cafes,,
help me find an traditional norwegian restaurant sixth one of here,sixth one,traditional norwegian,,
help me find the best mauritius restaurant in san diego,san diego,mauritius,,best
help me locate the congee near manpada road,manpada road,congee,,
help me locate the pop-up restaurants near manpada road,manpada road,pop-up restaurants,,
heuriger restaurants in san francisco,san francisco,heuriger,,
hey find the best rated beisl place in weston florida according to yelp,weston florida,beisl,,best
hey find the best rated czech place in weston florida according to yelp,weston florida,czech,,best
hey find the best rated indonesian place in weston florida according to yelp,weston florida,indonesian,,best
hey find the best rated new zealand place in weston florida according to yelp,weston florida,new zealand,,best
hey find the best rated sardinian place in weston florida according to yelp,weston florida,sardinian,,best
hi can you help me find some restaurants that serve beer garden cuisine in florida usa,florida usa,beer garden,,
hi can you help me find some restaurants that serve emilian cuisine in florida usa,florida usa,emilian,,
hi can you help me find some restaurants that serve homemade food cuisine in florida usa,florida usa,homemade food,,
hi can you help me find some restaurants that serve serbo croatian cuisine in florida usa,florida usa,serbo croatian,,
hi can you help me find some restaurants that serve supper clubs cuisine in florida usa,florida usa,supper clubs,,
hi i want to eat bulgarian food in florida are there any places,florida,bulgarian,,
hi i want to eat rodizios food in florida are there any places,florida,rodizios,,
hi i want to eat ukrainian food in florida are there any places,florida,ukrainian,,
hi please find the best restaurant in near my office,near my office,,,best
hi please find the best restaurant in near my office,near my office,,,best
hi please find the best restaurant in seventh one,seventh one,,,best
hi siri where should i go for best georgian food in northern virginia according to yelp,northern virginia,georgian,,best
hi siri where should i go for best oden food in northern virginia according to yelp,northern virginia,oden,,best
hi siri where should i go for best rhinelandian food in northern virginia according to yelp,northern virginia,rhinelandian,,best
hi siri where should i go for best sri lankan food in seventh one according to yelp,seventh one,sri lankan,,best
hi siri where should i go for best turkish food in northern virginia according to yelp,northern virginia,turkish,,best
hi siri which is the best polish restaurant in fifth one according to yelp,fifth one,polish,,best
hi siri which is the best uzbek restaurant in northern virginia according to yelp,northern virginia,uzbek,,best
highest rated cafes food on yelp in fourth one,fourth one,cafes,,highest rated
highest rated cafeteria food on yelp in sixth one,sixth one,cafeteria,,highest rated
highest rated chinese food on yelp in eighth one,eighth one,chinese,,highest rated
highest rated italian food on yelp in eighth one,eighth one,italian,,highest rated
highest rated restaurants in the area,in the area,,,highest rated
highest rated restaurants in the area,in the area,,,highest rated
highly rated modern australian restaurants located in new york city,new york city,modern australian,,highly rated
hokkien restaurant near me,near me,hokkien,,
how many yelp reviewed cantonese food restaurants are last one,last one,cantonese,,
how many yelp reviewed czech/slovakian food restaurants are near me,near me,czech/slovakian,,
how many yelp reviewed fondue food restaurants are near me,near me,fondue,,
how many yelp reviewed halal food restaurants are near me,near me,halal,,
how many yelp reviewed waffles food restaurants are near me,near me,waffles,,
i am crazy hungry,,,,
i am hungry,,,,
i am really hungry,,,,
i am soooooo hungry,,,,
i am soooooo hungry,,,,
i am soooooo hungry,,,,
i am soooooo hungry,,,,
i am soooooo hungry,,,,
i am soooooo hungry,,,,
i am soooooo hungry,,,,
i am soooooo hungry,,,,
i need a fancy date-night restaurant in south arvada,arvada,,fancy,
i need a fancy date-night restaurant in south arvada,arvada,,fancy,
i need a fancy date-night restaurant in south arvada,arvada,,fancy,
i need a fancy date-night restaurant in south arvada,arvada,,fancy,
i need a fancy date-night restaurant in south arvada,arvada,,fancy,
i need all information for restaurants for princeton wv that have ratings of at least 4,princeton wv,,,ratings of at least 4
i need rice food in daytona,daytona,rice,,
i need to find a good beer garden restaurant in london,london,beer garden,,
i need to find a good bistros restaurant in london,london,bistros,,
i need to find a good cuban restaurant in london,london,cuban,,
i need to find a good fuzhou restaurant in london,london,fuzhou,,
i need to find a good hessian restaurant in london,london,hessian,,
i need to find a good russian restaurant in london,london,russian,,
i want salvadoran food,,salvadoran,,
i want some food,,,,
i want some food,,,,
i want to eat chilean food,,chilean,,
i want to eat scandinavian food,,scandinavian,,
i want to eat yucatan food,,yucatan,,
i want to find a good tapas bars restaurant,,tapas bars,,
i want traditional swedish food,,traditional swedish,,
i would like fast food restaurant locations in chicago il,chicago il,fast food,,
i would like flemish restaurant locations in chicago il,chicago il,flemish,,
i would like peruvian restaurant locations in the seventh,the seventh,peruvian,,
i'm craving dumplings food tonight,,dumplings,,
i'm craving hokkien food tonight,,hokkien,,
i'm craving kushikatsu food tonight,,kushikatsu,,
i'm craving madeira food tonight,,madeira,,
i'm craving northeastern brazilian food tonight,,northeastern brazilian,,
i'm craving pierogis food lately,,pierogis,,
i'm craving pueblan food tonight,,pueblan,,
i'm craving rhinelandian food tonight,,rhinelandian,,
i'm craving traditional swedish food tonight,,traditional swedish,,
i'm craving wraps food lately,,wraps,,
i'm feeling hungry,,,,
i'm hungry,,,,
i'm hungry for slovakian tonight,,slovakian,,
i'm hungry for some piemonte,,piemonte,,
i'm hungry for some pierogis,,pierogis,,
i'm looking for an emilian restaurant within 8 miles of here,within 8 miles,emilian,,
i'm looking for an food stands restaurant within 8 miles of here,within 8 miles,food stands,,
i'm super hungry,,,,
i'm super hungry,,,,
i'm super hungry,,,,
is there a 4 star comfort food restaurant in the first,the first,comfort food,,4 star
is there a 4 star gastropubs restaurant in first,first,gastropubs,,4 star
is there any brazilian restaurants in arizona,arizona,brazilian,,
is there any chilean restaurants in last,last,chilean,,
is there any tempura restaurants in arizona,arizona,tempura,,
is there any traditional swedish restaurants in arizona,arizona,traditional swedish,,
italian in this on yelp,this,italian,,
kurdish along the route home,route home,kurdish,,
last one new zealand restaurants,last one,new zealand,,
list arroceria / paella restaurants which are close to me,close,arroceria / paella,,
list baden restaurants which are seventh one to me,seventh one,baden,,
list gozleme restaurants which are fifth to me,fifth,gozleme,,
list new york eastern german restaurants,new york,eastern german,,
list new york fast food restaurants,new york,fast food,,
list new york food stands restaurants,new york,food stands,,
list new york noodles restaurants,new york,noodles,,
list new york soup restaurants,new york,soup,,
list of restaurant in yelp,,,,
list restaurants eighth one with a 4 star rating or above,eighth one,,,4 star rating
list restaurants near my location with a 4 star rating or above,near my location,,,4 star rating
list restaurants near my location with a 4 star rating or above,near my location,,,4 star rating
list restaurants near my location with a 4 star rating or above,near my location,,,4 star rating
list restaurants that place with a 4 star rating or above,that place,,,4 star rating
list rotisserie chicken restaurants which are last to me,last,rotisserie chicken,,
list tenth kopitiam restaurants,tenth,kopitiam,,
locate the closest baden with a 5 star rating on yelp within 6 minutes of my location,closest,baden,,5 star rating
locate the closest canadian with a 5 star rating on yelp within 6 minutes of my location,closest,canadian,,5 star rating
look for chicken wings restaurants,,chicken wings,,
look for fine dining options in san francisco,,,fine dining,
look for fine dining options in san francisco,,,fine dining,
look for fine dining options in san francisco,,,fine dining,
look for fine dining options in san francisco,,,fine dining,
look for fine dining options in san francisco,,,fine dining,
look for fine dining options in san francisco,,,fine dining,
look for high end pub food restaurants in los angeles,los angeles,pub food,high end,
look for peruvian restaurants,,peruvian,,
look for pf/comercial restaurants,,pf/comercial,,
look for some fish and chips restaurants in venice beach,venice beach,fish and chips,,
look for the best cafeteria joints in baldwin hills,baldwin hills,cafeteria,,best
look for the best signature cuisine joints in baldwin hills,baldwin hills,signature cuisine,,best
look for trattorie restaurants,,trattorie,,
look for vegan restaurants,,vegan,,
look in yelp for some cambodian food restaurant in tenth one,tenth one,cambodian,,
look in yelp for some international food restaurant in tampa,tampa,international,,
look in yelp for some island pub food restaurant in tampa,tampa,island pub,,
look in yelp for some pueblan food restaurant in tampa,tampa,pueblan,,
look on yelp for bavarian restaurants in salt lake city,salt lake city,bavarian,,
look on yelp for himalayan nepalese restaurants in salt lake city,salt lake city,himalayan nepalese,,
look on yelp for northern mexican restaurants in salt lake city,salt lake city,northern mexican,,
look on yelp for ottoman cuisine restaurants in salt lake city,salt lake city,ottoman cuisine,,
look on yelp for rodizios restaurants in salt lake city,salt lake city,rodizios,,
look up fine dining greek restaurants,,greek,fine dining,
look up fine dining moroccan restaurants,,moroccan,fine dining,
look up fine dining polish restaurants,,polish,fine dining,
look up food places nearby,nearby,,,
look up food places third,third,,,
look up high end cucina campana restaurants in arcadia,arcadia,cucina campana,high end,
look up high end malaysian restaurants in eighth,eighth,malaysian,high end,
look up high end reunion restaurants in arcadia,arcadia,reunion,high end,
looking for place to eat norcinerie,,norcinerie,,
macomb county restaurants near me,macomb county,,,
mamak restaurants in san francisco,san francisco,mamak,,
mediterranean food restaurants,,mediterranean,,
mexican restaurant nearby,nearby,mexican,,
minho restaurant nearby,nearby,minho,,
modern australian restaurants in my area,my area,modern australian,,
napoletana in illinois on yelp,illinois,napoletana,,
navigate me to the most popular onigiri restaurant in midtown west ny,midtown west ny,onigiri,,most popular
navigate me to the nearest madeira in hyderabad,hyderabad,madeira,,
navigate me to the nearest tamales in hyderabad,hyderabad,tamales,,
near by restaurants,near by,,,
nearby restaurants,nearby,,,
nearby restaurants,nearby,,,
noodles food restaurent at eighth,eighth,noodles,,
ok google find polish restaurants on yelp near me,near me,polish,,
ok google find restaurants on yelp,,,,
ok google find restaurants on yelp,,,,
ok google find restaurants on yelp,,,,
ok google show me yelp reviewed restaurants in stillwater ok,stillwater ok,,,
ok google show me yelp reviewed restaurants in stillwater ok,stillwater ok,,,
ok google show me yelp reviewed restaurants in stillwater ok,stillwater ok,,,
ok google show me yelp reviewed restaurants in stillwater ok,stillwater ok,,,
ok google show me yelp reviewed restaurants in stillwater ok,stillwater ok,,,
ok google show me yelp reviewed restaurants in stillwater ok,stillwater ok,,,
ok google show me yelp reviewed restaurants in stillwater ok,stillwater ok,,,
ok google show me yelp reviewed restaurants in that place,that place,,,
ok google show me yelp reviewed restaurants in the seventh,the seventh,,,
okinawan in courtice,courtice,okinawan,,
okinawan restaurant nearby,nearby,okinawan,,
open algarve food at the fifth low price,the fifth,algarve,low price,
open brazilian food at paris low price,paris,brazilian,low price,
open bulgarian food at paris low price,paris,bulgarian,low price,
open comfort food food at paris low price,paris,comfort food,low price,
open pan asian food at paris low price,paris,pan asian,low price,
open sandwiches restaurants in access road greensboro,access road greensboro,open sandwiches,,
open tras-os-montes food at paris low price,paris,tras-os-montes,low price,
open up yelp for me and list area restaurants,,,,
open up yelp for me and list area restaurants,,,,
open up yelp for me and list area restaurants,,,,
open up yelp for me and list area restaurants,,,,
open yelp and find a diners restaurant in the eighth,the eighth,diners,,
open yelp and find a resteraunt with a rating higher than 4 stars there of my location,there,,,higher than 4 stars
open yelp and find a resteraunt with a rating higher than 4 stars within 10 miles of my location,within 10 miles,,,higher than 4 stars
open yelp and find a resteraunt with a rating higher than 4 stars within 10 miles of my location,within 10 miles,,,higher than 4 stars
open yelp and find an chicken shop restaurant in makati,makati,chicken shop,,
open yelp and find an chilean restaurant in makati,makati,chilean,,
open yelp and find an falafel restaurant in makati,makati,falafel,,
open yelp and find closest gastropubs restaurants open now,closest,gastropubs,,
open yelp and find closest hawaiian restaurants open now,closest,hawaiian,,
open yelp and find closest pan asian restaurants open now,closest,pan asian,,
open yelp and find closest puerto rican restaurants open now,closest,puerto rican,,
open yelp and find closest scandinavian restaurants open now,closest,scandinavian,,
open yelp and find homemade food restaurants in my second one,second one,homemade food,,
open yelp and find hunan restaurants in my current area,current area,hunan,,
open yelp and find jewish restaurants in my current area,current area,jewish,,
open yelp and find new american restaurants in my current area,current area,new american,,
open yelp and find the best arabian restaurant in my area,in my area,arabian,,best
open yelp and find the best cambodian restaurant in my area,in my area,cambodian,,best
open yelp and find the best cuban restaurant this,this,cuban,,best
open yelp and find the best food stands restaurant in my area,in my area,food stands,,best
open yelp and find the best northern german restaurant in my area,in my area,northern german,,best
open yelp and find the closest algarve,closest,algarve,,
open yelp and find the closest chee kufta,closest,chee kufta,,
open yelp and find the closest dumplings,closest,dumplings,,
open yelp and find the closest hot pot,closest,hot pot,,
open yelp and find the closest northern german,closest,northern german,,
open yelp and find the closest western style japanese food,closest,western style japanese food,,
open yelp and find the closest wraps,closest,wraps,,
open yelp and look for best mauritius restaurants near me,near me,mauritius,,
open yelp and look for best oaxacan restaurants near me,near me,oaxacan,,
open yelp and tell me what restaurants have 5 star reviews in fifth one,fifth one,,,5 star reviews
open yelp and tell me what restaurants have 5 star reviews in first,first,,,5 star reviews
open yelp and tell me what restaurants have 5 star reviews in southport nc,southport nc,,,5 star reviews
open yelp and tell me what restaurants have 5 star reviews in southport nc,southport nc,,,5 star reviews
open yelp and tell me what restaurants have 5 star reviews in that,that,,,5 star reviews
open yelp search for themed cafes restaurants in boston massachusetts,boston massachusetts,themed cafes,,
open yelp search for vietnamese restaurants in boston massachusetts,boston massachusetts,vietnamese,,
open yelp search for yucatan restaurants in boston massachusetts,boston massachusetts,yucatan,,
open yelp search top 5 pakistani restaurants in los angeles,los angeles,pakistani,,top
oriental restaurants near me,near me,oriental,,
peruvian restaurants in access road greensboro,access road greensboro,peruvian,,
pf/comercial restaurants near me with great reviews,near me,pf/comercial,,
places to eat ligurian,,ligurian,,
please find 5 star review moroccan restaurants in a 30 mile radius,30 mile radius,moroccan,,5 star
please find 5 star review tex-mex restaurants in a 30 mile radius,30 mile radius,tex-mex,,5 star
please find a catalan restaurant in newport ri,newport ri,catalan,,
please find a vietnamese restaurant in newport ri,newport ri,vietnamese,,
please find all restaurants on yelp for zip code 24740,24740,,,
please find all restaurants on yelp for zip code first one,first one,,,
please find arab pizza restaurants within 5 miles of my location,within 5 miles of my location,arab pizza,,
please find cafeteria restaurants nearby,nearby,cafeteria,,
please find fado houses restaurants in a 30 mile radius,30 mile radius,fado houses,,
please find hungarian restaurants within 5 miles of my location,within 5 miles of my location,hungarian,,
please find mamak restaurants in a 30 mile radius,30 mile radius,mamak,,
please find me cafeteria restuarants in maysville ky,maysville ky,cafeteria,,
please find me cucina campana restuarants in maysville ky,maysville ky,cucina campana,,
please find me soba restuarants in maysville ky,maysville ky,soba,,
please find raw food restaurants nearby,nearby,raw food,,
please find restaurant near pico blvd los angeles,pico blvd los angeles,,,
please find restaurant near pico blvd los angeles,pico blvd los angeles,,,
please find restaurant near pico blvd los angeles,pico blvd los angeles,,,
please find restaurant near pico blvd los angeles,pico blvd los angeles,,,
please search for restaurants with only 3 stars,,,,3 stars
please search for restaurants with only 3 stars,,,,3 stars
please search for restaurants with only 3 stars,,,,3 stars
please search for restaurants with only 3 stars,,,,3 stars
please search for restaurants with only 3 stars,,,,3 stars
please search for restaurants with only 3 stars,,,,3 stars
please search for restaurants with only 3 stars,,,,3 stars
please search for restaurants with only 3 stars,,,,3 stars
please tell me highly rated diners restaurants in lawton ok under 12 a plate,lawton ok,diners,under 12 a plate,highly rated
please tell me highly rated persian/iranian restaurants in lawton ok under 12 a plate,lawton ok,persian/iranian,under 12 a plate,highly rated
please tell me highly rated seafood restaurants in that location under 12 a plate,that location,seafood,under 12 a plate,highly rated
provide me the details of belgian restaurant close to airport in alabama,airport in alabama,belgian,,
provide me the details of sandwiches restaurant close to airport in alabama,airport in alabama,sandwiches,,
provide me the list of asturian in california,california,asturian,,
provide me the list of bavarian restaurants in new york city serving quality subs,new york city,bavarian,,quality
provide me the list of kushikatsu in california,california,kushikatsu,,
provide me the list of oriental restaurants in the fifth serving quality subs,the fifth,oriental,,quality
provide me the list of salvadoran restaurants in new york city serving quality subs,new york city,salvadoran,,quality
provide me the list of steakhouses in california,california,steakhouses,,
pull up yelp and find me somewhere good to eat that is by me,by me,,,
pull up yelp and find me somewhere good to eat that is by me,by me,,,
pull up yelp and find me somewhere good to eat that is the seventh,the seventh,,,
ratings for local bourguignon restaurants,,bourguignon,,
ratings for local curry sausage restaurants,,curry sausage,,
ratings for local french southwest restaurants,,french southwest,,
ratings for local gozleme restaurants,,gozleme,,
ratings for local new zealand restaurants,,new zealand,,
recommend a arroceria / paella place nearby,nearby,arroceria / paella,,
recommend a belgian place nearby,nearby,belgian,,
recommend a filipino place nearby,nearby,filipino,,
recommend a scandinavian place fifth,fifth,scandinavian,,
recommend a vegetarian place nearby,nearby,vegetarian,,
recommend horumon restaurants within 20 miles of ninth one that have reviews of three stars or higher,ninth one,horumon,,three stars or higher
recommend hot dogs restaurants within 20 miles of raleigh that have reviews of three stars or higher,raleigh,hot dogs,,three stars or higher
recommend me a good restaurant near me,near me,,,
recommend me a good restaurant that place,that place,,,
recommendations for jamaican food,jamaican,,,
recommendations for jamaican food,jamaican,,,
restaurant for korean food in arizona,arizona,korean,,
restaurants eighth one that serve kopitiam,eighth one,kopitiam,,
restaurants fourth one that serve kushikatsu,fourth one,kushikatsu,,
restaurants near california college san diego san diego campus,california college san diego,,,
restaurants near california college san diego san diego campus,california college san diego,,,
restaurants near knoxville tn,knoxville tn,,,
restaurants near me that serve indian,near me,indian,,
restaurants near me that serve modern european,near me,modern european,,
restaurants near me that serve polish,near me,polish,,
restaurants that serve bistros in london,london,bistros,,
restaurants that serve cantonese in london,london,cantonese,,
restaurants that serve hot pot in london,london,hot pot,,
restaurants that serve oriental in london,london,oriental,,
restaurants that serve persian/iranian in london,london,persian/iranian,,
restaurants that serve signature cuisine in ninth one,ninth one,signature cuisine,,
restaurants that serve supper clubs in london,london,supper clubs,,
restaurants that serve taiwanese in london,london,taiwanese,,
restaurants that serve ukrainian in that place,that place,ukrainian,,
rotisserie chicken restaurants in my area,my area,rotisserie chicken,,
search fish and chips joints nearby,nearby,fish and chips,,
search for cantonese in the ninth,the ninth,cantonese,,
search for the best calabrian restaurant in new york on yelp,new york,calabrian,,best
search for the best island pub restaurant in new york on yelp,new york,island pub,,best
search for the best udon restaurant in new york on yelp,new york,udon,,best
search for top northern german restaurants,,northern german,,top
search for top romanian restaurants,,romanian,,top
search good cantonese places nearby,,cantonese,,
search good hainan places nearby,,hainan,,
search good turkish places nearby,,turkish,,
search yelp for a cypriot restaurant nearby,nearby,cypriot,,
search yelp for a madeira restaurant there,there,madeira,,
search yelp for a pakistani restaurant nearby,nearby,pakistani,,
search yelp for a russian restaurant nearby,nearby,russian,,
search yelp for a tamales restaurant nearby,nearby,tamales,,
search yelp for a tapas bars restaurant nearby,nearby,tapas bars,,
search yelp for asturian food near philadelphia,philadelphia,asturian,,
search yelp for mediterranean food near philadelphia,philadelphia,mediterranean,,
searching by giving as lahmacun place at the last,the last,lahmacun,,
searching by giving as new american place at strathfield,strathfield,new american,,
searching by giving as soul food place at strathfield,strathfield,soul food,,
show alsatian resteraunt in ninth one,ninth one,alsatian,,
show arroceria / paella resteraunt in new york city,new york city,arroceria / paella,,
show czech/slovakian resteraunt in new york city,new york city,czech/slovakian,,
show izakaya resteraunt in new york city,new york city,izakaya,,
show me all the nearby restaurants here that offers cuban delicacies in columbus,columbus,cuban,,
show me all the nearby restaurants here that offers kopitiam delicacies in sixth,sixth,kopitiam,,
show me all the nearby restaurants here that offers modern australian delicacies in columbus,columbus,modern australian,,
show me all the nearby restaurants here that offers noodles delicacies in seventh one,seventh one,noodles,,
show me all the nearby restaurants here that offers signature cuisine delicacies in columbus,columbus,signature cuisine,,
show me all the nearby restaurants here that offers tempura delicacies in columbus,columbus,tempura,,
show me argentine restaurants with 3 stars or higher near 11224,11224,argentine,,3 stars or higher
show me blowfish parlors in downtown richmond,downtown richmond,blowfish,,
show me cheesesteaks restaurants with 3 stars or higher near 11224,11224,cheesesteaks,,3 stars or higher
show me colombian restaurants around beaverton listed on yelp,beaverton,colombian,,
show me comfort food restaurants around beaverton listed on yelp,beaverton,comfort food,,
show me corsican restaurants around beaverton listed on yelp,beaverton,corsican,,
show me curry sausage the first,the first,curry sausage,,
show me delis places to eat,,delis,,
show me falafel restaurants around beaverton listed on yelp,beaverton,falafel,,
show me french southwest near me,near me,french southwest,,
show me fuzhou restaurants around ninth one listed on yelp,ninth one,fuzhou,,
show me georgian restaurants nearby,nearby,georgian,,
show me good giblets restaurants,,giblets,,
show me good japanese curry restaurants,,japanese curry,,
show me good onigiri restaurants,,onigiri,,
show me highly rated rice restaurants in brisbane,brisbane,rice,,
show me indian restaurants around beaverton listed on yelp,beaverton,indian,,
show me island pub restaurants around beaverton listed on yelp,beaverton,island pub,,
show me laotian restaurants around beaverton listed on yelp,beaverton,laotian,,
show me meatballs restaurants around beaverton listed on yelp,beaverton,meatballs,,
show me middle eastern restaurants around beaverton listed on yelp,beaverton,middle eastern,,
show me minho restaurants in cape coral florida,cape coral florida,minho,,
show me modern european parlors in downtown richmond,downtown richmond,modern european,,
show me nearby restaurants,nearby,,,
show me nearby restaurants,nearby,,,
show me northeastern brazilian restaurants in switzerland,switzerland,northeastern brazilian,,
show me northern mexican restaurants nearby,nearby,northern mexican,,
show me options for burmese restaurants in hollywood,hollywood,burmese,,
show me parma restaurants around beaverton listed on yelp,beaverton,parma,,
show me pub food restaurants in the tenth,the tenth,pub food,,
show me pueblan restaurants near 5th avenue,5th avenue,pueblan,,
show me restaurants reviews in near me on yelp,near me,,,
show me restaurants reviews in near me on yelp,near me,,,
show me restaurants there,there,,,
show me restaurants with austrian bars,,austrian,,
show me restaurants with tonkatsu bars,,tonkatsu,,
show me reunion joints near me,near me,reunion,,
show me schnitzel restaurants around here,around here,schnitzel,,
show me soup restaurant with at least 100 reviews and with highest rating,,soup,,highest rating
show me szechuan restaurants with 3 stars or higher near 11224,11224,szechuan,,3 stars or higher
show me tacos places to eat,,tacos,,
show me taiwanese restaurants the fifth,the fifth,taiwanese,,
show me teppanyaki restaurants nearby,nearby,teppanyaki,,
show me the best cheap chee kufta restaurants in miami,miami,chee kufta,cheap,best
show me the best filipino resturant in new york on yelp,new york,filipino,,best
show me the best island pub restaurants that are not too expensive,,island pub,not too expensive,best
show me the best restaurants in this,this,,,best
show me the best restaurants in times square new york,times square new york,,,best
show me the best restaurants in times square new york,times square new york,,,best
show me the best restaurants in times square new york,times square new york,,,best
show me the best restaurants in times square new york,times square new york,,,best
show me the best seafood restaurants that are not too expensive,,seafood,not too expensive,best
show me the cheapest afghan restaurants nearby,nearby,afghan,cheapest,
show me the cheapest modern european restaurants nearby,nearby,modern european,cheapest,
show me the highest rated salvadoran restaurants in washington d.c,washington d.c,salvadoran,,highest rated
show me the most expensive israeli restaurant,,israeli,most expensive,
show me the seventh restaurants,the seventh,,,
show me top andalusian restaurants in new york,new york,andalusian,,
show me top malaysian restaurants in new york,new york,malaysian,,
show me top meatballs restaurants in new york,new york,meatballs,,
show me top napoletana for cheap,,napoletana,cheap,top
show me top pf/comercial for cheap,,pf/comercial,cheap,top
show me top rated restaurants in the area,in the area,,,top rated
show me top rated resturants near me,near me,,,top rated
show me top rated resturants near me,near me,,,top rated
show me top rated resturants near me,near me,,,top rated
show me top rated resturants near me,near me,,,top rated
show me top restaurants around fourth one that are inexpensive,fourth one,,inexpensive,
show me top restaurants around huntington beach that are inexpensive,huntington beach,,inexpensive,
show me top tapas/small plates restaurants in first one,first one,tapas/small plates,,
show me top vietnamese for cheap,,vietnamese,cheap,top
show me upland restaurants on yelp,upland,,,
show me upland restaurants on yelp,upland,,,
show me where i can eat the best calabrian in new york on yelp,new york,calabrian,,best
show me where i can eat the best eastern mexican in new york on yelp,new york,eastern mexican,,best
show me where i can eat the best kosher in sixth one on yelp,sixth one,kosher,,best
show me yakiniku near me,near me,yakiniku,,
show me yelp ratings for japanese restaurants near me,near me,japanese,,
show me yelp ratings for korean restaurants near me,near me,korean,,
show me yelp ratings for russian restaurants near me,near me,russian,,
show me yelp ratings for soba restaurants near me,near me,soba,,
show me yelp reviews for eastern mexican restaurants near me,near me,eastern mexican,,
show me yelp reviews for israeli restaurants near me,near me,israeli,,
show me yelp reviews for kushikatsu restaurants near me,near me,kushikatsu,,
show me yelp reviews for modern australian restaurants near me,near me,modern australian,,
show me yelp reviews for northeastern brazilian restaurants near me,near me,northeastern brazilian,,
show me yelp reviews for soup restaurants near me,near me,soup,,
show pita restaurants in chicago,chicago,pita,,
show teppanyaki resteraunt in new york city,new york city,teppanyaki,,
siri find me 5 different restuarants that serve hainan food that are open now,,hainan,,
siri find me 5 different restuarants that serve hand rolls food that are open now,,hand rolls,,
siri find me burmese restaurants for the fourth on yelp,the fourth,burmese,,
siri find me german food on yelp in phoenix,phoenix,german,,
siri find me korean food on yelp in phoenix,phoenix,korean,,
siri find me open sandwiches food on yelp in phoenix,phoenix,open sandwiches,,
siri find me polish restaurants for main street on yelp,main street,polish,,
siri find me portuguese restaurants for main street on yelp,main street,portuguese,,
siri tell me what brazilian empanadas restaurants in southport nc have good reviews on yelp,southport nc,brazilian empanadas,,
siri tell me what brazilian restaurants in the seventh have good reviews on yelp,the seventh,brazilian,,
siri tell me what delis restaurants in southport nc have good reviews on yelp,southport nc,delis,,
siri tell me what hong kong style cafe restaurants in southport nc have good reviews on yelp,southport nc,hong kong style cafe,,
siri tell me what mauritius restaurants in southport nc have good reviews on yelp,southport nc,mauritius,,
specify the details of mamak chain of restaurants in the tenth serving quality pizzas,the tenth,mamak,,quality
specify the details of mongolian chain of restaurants in alabama serving quality pizzas,alabama,mongolian,,quality
specify the details of parent cafes chain of restaurants in alabama serving quality pizzas,alabama,parent cafes,,quality
specify the details of rumanian chain of restaurants in alabama serving quality pizzas,alabama,rumanian,,quality
specify the details of sandwiches chain of restaurants in second one serving quality pizzas,second one,sandwiches,,quality
suggest me few good ukrainian restaurants that,that,ukrainian,,
swedish food near me,near me,swedish,,
syrian restaurant suggestions located in illinois,illinois,syrian,,
syrian restaurants near me with great reviews,near me,syrian,,
taiwanese restaurants in access road greensboro,access road greensboro,taiwanese,,
take me to closest eastern mexican restaurant from present location,closest,eastern mexican,,
take me to closest mamak restaurant from present location,closest,mamak,,
take me to closest meatballs restaurant from present location,closest,meatballs,,
take me to closest persian/iranian restaurant from present location,closest,persian/iranian,,
take me to closest supper clubs restaurant from present location,closest,supper clubs,,
tapas bars restaurant this,this,tapas bars,,
tell me about the last diners restaurants to my location,last,diners,,
tell me about the last one friulan restaurants to my location,last one,friulan,,
tell me about the nearest iberian restaurants to my location,nearest,iberian,,
tell me about the nearest ligurian restaurants to my location,nearest,ligurian,,
tell me about the nearest nicoise restaurants to my location,nearest,nicoise,,
tell me about the nearest tabernas restaurants to my location,nearest,tabernas,,
tell me about the nearest tamales restaurants to my location,nearest,tamales,,
tell me best yelp restaurants,,,,best
tell me best yelp restaurants,,,,best
tell me best yelp restaurants,,,,best
tempura restaurants near 11224,11224,tempura,,
that place syrian restaurants,that place,syrian,,
top 5 food stands restaurants in eighth one from yelp,eighth one,food stands,,
top 5 kebab restaurants in tenth one from yelp,tenth one,kebab,,
top 5 romanian restaurants in los angeles from yelp,los angeles,romanian,,
top andalusian restaurants at paris,paris,andalusian,,top
top diners restaurants south of boston,south of boston,diners,,
top greek restaurants at paris,paris,greek,,top
top hawaiian restaurants south of boston,south of boston,hawaiian,,
top rated restaurants near me,near me,,,top rated
use yelp show me lahmacun restaurants near me,near me,lahmacun,,
use yelp show me poutineries restaurants near me,near me,poutineries,,
use yelp to find a good nikkei restaurant in my area,my area,nikkei,,
use yelp to find a good vegetarian restaurant in my area,my area,vegetarian,,
vancouver algarve restaurants,vancouver,algarve,,
vancouver open sandwiches restaurants,vancouver,open sandwiches,,
vancouver puerto rican restaurants,vancouver,puerto rican,,
vegan food restaurent at sydney australia near strathfield,sydney australia near strathfield,vegan,,
vegetarian restaurants near me with great reviews,near me,vegetarian,,
venezuelan new york yelp,new york,venezuelan,,
what alentejo restaurants does yelp recommend,,alentejo,,
what are some cuban restaurants open near me right now,near me,cuban,,
what are some good caribbean restaurants in los angeles,los angeles,caribbean,,
what are some highly rated restaurants in chelsea ny,chelsea ny,,,highly rated
what are some highly rated restaurants in chelsea ny,chelsea ny,,,highly rated
what are some highly rated restaurants in chelsea ny,chelsea ny,,,highly rated
what are some highly rated restaurants in sixth one,sixth one,,,highly rated
what are some hot pot restaurants open near me right now,near me,hot pot,,
what are some okinawan restaurants open first one right now,first one,okinawan,,
what are the best altoatesine buffets in biloxi mississippi based on reviews on yelp,biloxi mississippi,altoatesine,,best
what are the best eastern german food places in north las vegas,north las vegas,eastern german,,
what are the best georgian buffets in biloxi mississippi based on reviews on yelp,biloxi mississippi,georgian,,best
what are the best irish restaurants in ninth,ninth,irish,,
what are the best meatballs food places in north las vegas,north las vegas,meatballs,,
what are the best okinawan buffets in sixth based on reviews on yelp,sixth,okinawan,,best
what are the best pueblan food places in north las vegas,north las vegas,pueblan,,
what are the best rated yelp restaurants in the area,,,,best rated
what are the best restaurants for fado houses food in williamsburg,williamsburg,fado houses,,
what are the best restaurants for ramen food in williamsburg,williamsburg,ramen,,
what are the best restaurants in the city of winchester virginia,winchester virginia,,,best
what are the best restaurants near here,near here,,,best
what are the best restaurants near me,near me,,,best
what are the best restaurants near me,near me,,,best
what are the best restaurants near me,near me,,,best
what are the best restaurants near me,near me,,,best
what are the best restaurants sixth one,sixth one,,,best
what are the best restaurants tenth one,tenth one,,,best
what are the best restaurants within a 10 mile radius,10 mile,,,best
what are the best restaurants within a 10 mile radius,10 mile,,,best
what are the best restaurants within a 10 mile radius,10 mile,,,best
what are the best restaurants within a 10 mile radius,10 mile,,,best
what are the best restaurants within a 10 mile radius,10 mile,,,best
what are the best restaurants within a 10 mile radius,10 mile,,,best
what are the best restaurants within a fifth one radius,fifth one,,,best
what are the best restaurants within a that radius,that,,,best
what are the nearby restaurants here that offers flatbread delicacies in columbus,columbus,flatbread,,
what are the nearby restaurants here that offers kurdish delicacies in columbus,columbus,kurdish,,
what are the nearby restaurants here that offers kurdish delicacies in columbus,columbus,kurdish,,
what are the nearby restaurants here that offers robatayaki delicacies in columbus,columbus,robatayaki,,
what are the top 10 oden restaurants nearby,nearby,oden,,top
what baguettes bistro is near eighth,eighth,baguettes,,
what beira restaurants are within 10 miles of me and have good reviews,within 10 miles,beira,,
what bistros restaurant in third one tx has the best food,third one,bistros,,
what cajun creole restaurant is by ol wood in denver,ol wood in denver,cajun creole,,
what cantonese restaurants does yelp recommend,,cantonese,,
what colombian restaurants are within 10 miles of me and have good reviews,within 10 miles,colombian,,
what gastropubs restaurant in eighth tx has the best food,eighth,gastropubs,,
what hokkien restaurants are sixth one,sixth one,hokkien,,
what is a good place for czech/slovakian food there,there,czech/slovakian,,
what is a good restaurant in houston texas,houston texas,,,
what is the address of the nearest family restaurant to the the fifth,the fifth,,,
what is the best alentejo restaurant in new york on yelp,new york,alentejo,,
what is the best bulgarian restaurant in midtown,midtown,bulgarian,,
what is the best chinese joint in maysville ky,maysville ky,chinese,,
what is the best cucina campana food on yelp in baltimore,baltimore,cucina campana,,
what is the best hunan joint in maysville ky,maysville ky,hunan,,
what is the best jaliscan restaurant in midtown,midtown,jaliscan,,
what is the best kaiseki joint in maysville ky,maysville ky,kaiseki,,
what is the best kaiseki restaurant in midtown,midtown,kaiseki,,
what is the best piemonte joint in first one,first one,piemonte,,
what is the best romanian restaurant near me,near me,romanian,,best
what is the best scottish joint in maysville ky,maysville ky,scottish,,
what is the best tabernas food on yelp in baltimore,baltimore,tabernas,,
what is the best tonkatsu restaurant near me,near me,tonkatsu,,best
what is the closest ribatejo restaurant,closest,ribatejo,,
what is the nearest algarve restaurant,nearest,algarve,,
what is the nearest moroccan restaurant,nearest,moroccan,,
what is the top northern mexican restaurant in arlington tx near me,arlington tx,northern mexican,,top
what is the top persian/iranian restaurant in fourth near me,fourth,persian/iranian,,top
what israeli restaurant is by ol wood in denver,ol wood in denver,israeli,,
what laotian restaurants are around here,around here,laotian,,
what nicaraguan restaurant in arlington tx has the best food,arlington,nicaraguan,,
what ottoman cuisine restaurants are around here,around here,ottoman cuisine,,
what parma restaurants does yelp recommend,,parma,,
what peruvian restaurants are around here,around here,peruvian,,
what portuguese bistro is near first,first,portuguese,,
what restaurants are good around me,around me,,,
what restaurants are good around me,around me,,,
what restaurants are in columbia maryland,columbia maryland,,,
what restaurants are in columbia maryland,columbia maryland,,,
what restaurants are in columbia maryland,columbia maryland,,,
what restaurants near me have 4 or more stars on yelp,near me,,,4 or more stars
what restaurants near me have 4 or more stars on yelp,near me,,,4 or more stars
what restaurants near me have 4 or more stars on yelp,near me,,,4 or more stars
what restaurants near me have abruzzese food,near me,abruzzese,,
what restaurants the second have tapas bars food,the second,tapas bars,,
what s good to eat near me,near me,,,
what s good to eat near me,near me,,,
what s the best alentejo places around here,around here,alentejo,,best
what s the best algarve restaurant in vancouver,vancouver,algarve,,best
what s the best armenian restaurant in the last,the last,armenian,,best
what s the best beisl restaurant in vancouver,vancouver,beisl,,best
what s the best cafeteria restaurant in vancouver,vancouver,cafeteria,,best
what s the best pekinese restaurant in vancouver,vancouver,pekinese,,best
what s the best rated japanese restaurant around work,work,japanese,,best rated
what s the best rated northeastern brazilian restaurant around work,work,northeastern brazilian,,best rated
what s the best rated sardinian restaurant around work,work,sardinian,,best rated
what s the best rated taiwanese restaurant around work,work,taiwanese,,best rated
what s the closest beer garden restaurant,closest,beer garden,,
what s the closest cantonese restaurant,closest,cantonese,,
what s the closest restaurant to me,restaurant,,,
what s the closest restaurant to me,restaurant,,,
what s the closest supper clubs restaurant,closest,supper clubs,,
what s the closest waffles restaurant,closest,waffles,,
what sandwiches restaurants are within 10 miles of me and have good reviews,within 10 miles,sandwiches,,
what supper clubs restaurants are third,third,supper clubs,,
what swabian restaurants are around me,,swabian,,
what swiss food restaurant in arlington tx has the best food,arlington,swiss food,,
what vegetarian restaurant in arlington tx has the best food,arlington,vegetarian,,
what wok restaurants are around here,around here,wok,,
where are the nearest ethiopian restaurants,nearest,ethiopian,,
where are the nearest kosher restaurants,nearest,kosher,,
where are the nearest tabernas restaurants,nearest,tabernas,,
where are the nearest tras-os-montes restaurants in budapest,budapest,tras-os-montes,,
where are the nearest venetian restaurants in the third,the third,venetian,,
where are there fish and chips places in chicago,chicago,fish and chips,,
where are there mamak places in chicago,chicago,mamak,,
where are there vegan places in chicago,chicago,vegan,,
where can get chicken catalan in first one,first one,catalan,,
where can i eat himalayan nepalese food,,himalayan nepalese,,
where can i eat hungarian food,,hungarian,,
where can i eat new zealand food in that place,that place,new zealand,,
where can i eat rodizios food,,rodizios,,
where can i eat yugoslav food,,yugoslav,,
where can i find altoatesine places with good reviews within 20 minutes of driving,,altoatesine,,
where can i find basque food,,basque,,
where can i find brazilian places with good reviews within 20 minutes of driving,,brazilian,,
where can i find cafes food,,cafes,,
where can i find chee kufta restaurants in that,that,chee kufta,,
where can i find conveyor belt sushi places with good reviews within 20 minutes of driving,,conveyor belt sushi,,
where can i find filipino places with good reviews within 20 minutes of driving,,filipino,,
where can i find salad restaurants in the ninth,the ninth,salad,,
where can i find teochew restaurants in seventh one,seventh one,teochew,,
where can i find the best cheapest catalan,,catalan,cheapest,best
where can i find the best cheapest cuban,,cuban,cheapest,best
where can i find the best cheapest heuriger,,heuriger,cheapest,best
where can i find the best cheapest polish,,polish,cheapest,best
where can i find the best cheapest portuguese,,portuguese,cheapest,best
where can i find the best cheapest swedish,,swedish,cheapest,best
where can i find tuscan food,,tuscan,,
where can i get alentejo on sunset,sunset,alentejo,,
where can i get food court on sunset,sunset,food court,,
where can i get mexican on sunset,sunset,mexican,,
where can i get new american on sunset,sunset,new american,,
where can i get some burgers in willetton,willetton,burgers,,
where can i get something to eat in meadville with good reviews,meadville,,,
where can i get teochew on that one,that one,teochew,,
where can i get teppanyaki in sixth one,sixth one,teppanyaki,,
where can i get the most amazing bavarian,,bavarian,,most amazing
where can i get the most amazing catalan,,catalan,,most amazing
where can i get the most amazing georgian,,georgian,,most amazing
where can i get the most amazing georgian,,georgian,,most amazing
where do i get ramen and fries in lafayette indiana,lafayette indiana,ramen,,
where in pittsburgh can i get an all northeastern brazilian buffet for under 20 for two people,pittsburgh,northeastern brazilian,under 20,
where in south central can i get good dinner theater food,south central,dinner theater,,
where in south central can i get good teochew food,south central,teochew,,
where in the last can i get an all gozleme buffet for under 20 for two people,the last,gozleme,under 20,
where is gyudon in baltimore city,baltimore city,gyudon,,
where is mauritius in baltimore city,baltimore city,mauritius,,
where is scandinavian in baltimore city,baltimore city,scandinavian,,
where is schnitzel in second one,second one,schnitzel,,
where is the best dim sum in newport,newport,dim sum,,
where is the best izakaya restaurant last one to me,last one,izakaya,,best
where is the best kushikatsu restaurant close to me,close,kushikatsu,,best
where is the best rodizios restaurant close to me,close,rodizios,,best
where is the best soul food restaurant the second to me,the second,soul food,,best
where is the best tapas bars restaurant close to me,close,tapas bars,,best
where is the best teochew restaurant close to me,close,teochew,,best
where is the closest mongolian to paragon indiana,paragon indiana,mongolian,,
where is the closest night food to paragon indiana,paragon indiana,night food,,
where is the closest singaporean to paragon indiana,paragon indiana,singaporean,,
where is the closest southern,closest,southern,,
where is the closest tuscan,closest,tuscan,,
where is the fourth one hessian,fourth one,hessian,,
where is the nearest corsican restaurant to me,nearest,corsican,,
where is the nearest hainan restaurant,nearest,hainan,,
where is the nearest israeli in lafayette indiana,lafayette indiana,israeli,,
where is the nearest napoletana in lafayette indiana,lafayette indiana,napoletana,,
where is the nearest northeastern brazilian restaurant to me,nearest,northeastern brazilian,,
where is the nearest northeastern brazilian restaurant to me,nearest,northeastern brazilian,,
where is the nearest oriental in lafayette indiana,lafayette indiana,oriental,,
where is the nearest parma in lafayette indiana,lafayette indiana,parma,,
where is the nearest roman in lafayette indiana,lafayette indiana,roman,,
where is the nearest tamales in lafayette indiana,lafayette indiana,tamales,,
where is there a oyakodon takeaway is in oxford,oxford,oyakodon,,
where is venison in baltimore city,baltimore city,venison,,
where s the closest tabernas to me,closest,tabernas,,
where s the nearest austrian restaurant,nearest,austrian,,
where s the nearest beisl restaurant,nearest,beisl,,
where s the nearest catalan restaurant on yelp,nearest,catalan,,
where s the nearest filipino restaurant,nearest,filipino,,
where s the nearest laos restaurant,nearest,laos,,
where s the nearest mauritius restaurant on yelp,nearest,mauritius,,
where s the nearest mediterranean restaurant on yelp,nearest,mediterranean,,
where s the nearest pub food restaurant,nearest,pub food,,
where s the nearest pueblan restaurant,nearest,pueblan,,
where s the nearest soup restaurant,nearest,soup,,
where s the ninth one georgian restaurant,ninth one,georgian,,
where s the the tenth korean restaurant on yelp,the tenth,korean,,
where to get bangladeshi food,,bangladeshi,,
where to get hong kong style cafe food,,hong kong style cafe,,
where to get trinidadian food,,trinidadian,,
which restaurant would you recommend for nicaraguan food in anaheim,anaheim,nicaraguan,,
which restaurants are near my hotel,near my hotel,,,
which restaurants are the fifth,the fifth,,,
which restaurants are the ninth,the ninth,,,
yelp 5 star restaurants nearby,nearby,,,5 star
yelp beer garden food near me,near me,beer garden,,
yelp find fifth bulgarian place,fifth,bulgarian,,
yelp find kopitiam restaurant in paterson new jersey,paterson new jersey,kopitiam,,
yelp find nearest altoatesine place,nearest,altoatesine,,
yelp find signature cuisine restaurant in paterson new jersey,paterson new jersey,signature cuisine,,
yelp norcinerie food near me,near me,norcinerie,,
yelp recommended restaurants,,,,
yelp restaurants near me that have galician,near me,galician,,
yelp reviews for nearby israeli restaurants,nearby,israeli,,
yelp reviews for nearby kushikatsu restaurants,nearby,kushikatsu,,
yelp reviews for nearby singaporean restaurants,nearby,singaporean,,
yelp s best noodles cuisine restaurant in sixth,sixth,noodles,,best
yelp search for top salvadoran near that location,that location,salvadoran,,top
yelp search for top salvadoran near the grove,the grove,salvadoran,,top
yelp the best madeira restaurants the seventh,the seventh,madeira,,
yelp the best vegan restaurants nearby,nearby,vegan,,
yelp vegetarian restaurant cleveland,cleveland,vegetarian,,
